Name,Year,BA,SLG,OBP,OPS,ISO,wOBA,xBA,xSLG,xwOBA,xISO,K %,BB %,Launch Angle,Exit Velocity,Sweet Spot %,Barrel %
Jose Abreu,2015,0.29,0.502,0.347,0.85,0.21200000000000002,0.361,0.275,0.465,0.341,0.187,21,5.8,10.1,90.9,31.6,9.7
Jose Abreu,2016,0.293,0.468,0.353,0.82,0.17500000000000004,0.349,0.286,0.476,0.355,0.187,18,6.8,10.3,89.7,33.3,8.1
Jose Abreu,2017,0.304,0.552,0.354,0.906,0.24800000000000005,0.377,0.292,0.526,0.371,0.23,17.6,5.2,11.3,90.5,34.6,9.5
Jose Abreu,2018,0.265,0.473,0.325,0.798,0.20799999999999996,0.337,0.281,0.496,0.358,0.213,19.7,6.7,12.2,91.3,35.4,9.1
Jose Abreu,2019,0.284,0.503,0.33,0.834,0.21900000000000003,0.344,0.283,0.52,0.359,0.234,21.9,5.2,10.9,92.1,35.2,12.8
Ronald Acuna Jr.,2019,0.28,0.518,0.364,0.881,0.238,0.369,0.279,0.572,0.386,0.29,26.3,10.6,14.2,90.6,40.5,15
Willy Adames,2019,0.254,0.418,0.315,0.733,0.16399999999999998,0.313,0.249,0.433,0.315,0.182,26.2,7.9,10,87.8,36.1,8.4
Jesus Aguilar,2018,0.274,0.539,0.352,0.89,0.265,0.374,0.255,0.493,0.358,0.236,25.3,10.2,16.2,89.8,38.2,11.4
Nick Ahmed,2018,0.234,0.411,0.289,0.7,0.17699999999999996,0.3,0.239,0.371,0.29,0.128,19.3,7.1,11.3,86.5,36.3,5.1
Nick Ahmed,2019,0.254,0.437,0.315,0.752,0.183,0.315,0.257,0.422,0.318,0.163,18.1,8.3,7.5,87.5,35.7,6.6
Hanser Alberto,2019,0.305,0.422,0.327,0.749,0.11699999999999999,0.318,0.29,0.397,0.303,0.105,9.1,2.9,10.7,82.8,32.7,2.9
Ozzie Albies,2018,0.261,0.452,0.304,0.756,0.191,0.324,0.251,0.403,0.303,0.149,17,5.3,15.5,86.3,34,4.7
Ozzie Albies,2019,0.295,0.5,0.352,0.852,0.20500000000000002,0.354,0.291,0.49,0.351,0.197,16,7.7,15.6,88.8,36.8,6.6
Yonder Alonso,2016,0.253,0.367,0.316,0.683,0.11399999999999999,0.299,0.265,0.41,0.324,0.141,13.9,8.5,10.4,88.1,34,4.1
Yonder Alonso,2017,0.266,0.501,0.365,0.866,0.235,0.366,0.261,0.503,0.37,0.238,22.6,13.1,19.4,89.2,35.7,9.9
Yonder Alonso,2018,0.25,0.421,0.317,0.738,0.17099999999999999,0.319,0.252,0.447,0.331,0.191,21.4,8.9,15.6,87.7,37.4,10.1
Pete Alonso,2019,0.26,0.583,0.358,0.941,0.32299999999999995,0.384,0.257,0.542,0.374,0.284,26.4,10.4,14.8,90.6,37.4,15.8
Jose Altuve,2015,0.313,0.459,0.351,0.81,0.14600000000000002,0.347,0.273,0.39,0.305,0.116,9.7,4.8,10.5,85.8,31.6,3.1
Jose Altuve,2016,0.338,0.531,0.395,0.926,0.193,0.391,0.324,0.528,0.391,0.201,9.8,8.4,10.9,87.5,39.7,6.9
Jose Altuve,2017,0.346,0.547,0.409,0.957,0.20100000000000007,0.405,0.303,0.494,0.376,0.185,12.7,8.8,9.1,85.5,34.6,6.7
Jose Altuve,2018,0.316,0.451,0.384,0.835,0.135,0.364,0.296,0.459,0.358,0.159,13.2,9.2,9.5,86.3,34,5.9
Jose Altuve,2019,0.298,0.55,0.352,0.902,0.25200000000000006,0.374,0.282,0.492,0.35,0.208,15,7.5,8.8,86.1,29.4,8.1
Tim Anderson,2017,0.257,0.402,0.276,0.678,0.14500000000000002,0.289,0.249,0.391,0.286,0.136,26.7,2.1,7.1,85,31.5,5.1
Brian Anderson,2018,0.273,0.4,0.357,0.757,0.127,0.333,0.261,0.409,0.334,0.145,19.3,9.3,8.7,90.2,29.2,5.8
Tim Anderson,2018,0.24,0.406,0.281,0.686,0.16600000000000004,0.294,0.227,0.361,0.274,0.131,24.6,5,10.5,85.6,33.3,4.7
Brian Anderson,2019,0.261,0.468,0.342,0.811,0.20700000000000002,0.342,0.259,0.461,0.343,0.198,21.9,8.5,11.1,89.9,31.3,8.9
Tim Anderson,2019,0.335,0.508,0.357,0.865,0.173,0.363,0.294,0.461,0.328,0.164,21,2.9,8.7,88.3,37.6,5.1
Elvis Andrus,2015,0.258,0.357,0.306,0.663,0.09899999999999998,0.292,0.262,0.344,0.294,0.081,11.8,7,8.1,85.3,29,1.5
Elvis Andrus,2016,0.302,0.439,0.359,0.798,0.137,0.344,0.285,0.387,0.328,0.099,12.3,8.3,8.4,86.9,32.7,1.8
Elvis Andrus,2017,0.297,0.471,0.337,0.808,0.174,0.344,0.265,0.412,0.315,0.139,14.7,5.5,7.5,86.4,32.7,4.2
Elvis Andrus,2019,0.275,0.393,0.313,0.707,0.118,0.3,0.271,0.398,0.307,0.125,14.8,5.2,7.1,88.2,32.5,3.5
Miguel Andujar,2018,0.297,0.527,0.328,0.855,0.23000000000000004,0.361,0.281,0.444,0.326,0.161,16,4.1,12.3,89.2,34.6,6.3
Orlando Arcia,2017,0.277,0.407,0.323,0.73,0.12999999999999995,0.309,0.253,0.37,0.292,0.111,18.2,6.6,6.2,85.3,29,4.1
Orlando Arcia,2019,0.223,0.35,0.282,0.632,0.12699999999999997,0.269,0.232,0.367,0.284,0.131,20,7.9,6.3,87.5,27.5,4.6
Nolan Arenado,2015,0.287,0.575,0.323,0.898,0.288,0.371,0.272,0.493,0.338,0.22,16.5,5.1,16.3,90.6,35.6,8.7
Nolan Arenado,2016,0.294,0.57,0.362,0.932,0.27599999999999997,0.386,0.264,0.476,0.347,0.209,14.8,9.8,18.7,89.4,33.1,9
Nolan Arenado,2017,0.309,0.586,0.372,0.958,0.27699999999999997,0.395,0.28,0.529,0.371,0.243,15.6,9.1,17.3,88.8,37.5,8.5
Nolan Arenado,2018,0.297,0.561,0.373,0.934,0.26400000000000007,0.391,0.267,0.474,0.353,0.204,18.1,10.8,15.3,89.7,35.8,7.4
Nolan Arenado,2019,0.315,0.583,0.379,0.962,0.26799999999999996,0.392,0.272,0.484,0.344,0.208,14,9.4,17.7,89.4,34.6,8
Erick Aybar,2015,0.27,0.338,0.298,0.636,0.068,0.28,0.292,0.362,0.303,0.069,11.4,3.9,4.1,83.1,31.3,0.9
Javier Baez,2017,0.273,0.48,0.313,0.793,0.20699999999999996,0.326,0.248,0.437,0.306,0.185,28.3,5.9,9.2,86.9,28.2,8.4
Javier Baez,2018,0.29,0.554,0.326,0.88,0.26400000000000007,0.366,0.279,0.509,0.349,0.227,25.9,4.5,9.2,89.6,33.6,12.6
Javier Baez,2019,0.281,0.531,0.316,0.847,0.25,0.347,0.27,0.503,0.334,0.231,27.8,5,7.6,91,36.3,12.7
Tucker Barnhart,2018,0.248,0.372,0.326,0.697,0.124,0.307,0.239,0.354,0.301,0.11,18.4,10.3,11.7,85.9,35.7,3.5
Jose Bautista,2015,0.25,0.536,0.377,0.913,0.28600000000000003,0.388,0.26,0.509,0.384,0.249,15.9,16.5,16.7,92,30.3,12.6
Jose Bautista,2016,0.234,0.452,0.366,0.817,0.218,0.355,0.258,0.45,0.37,0.19,19.9,16.8,14.8,91.6,31.2,9
Jose Bautista,2017,0.203,0.366,0.308,0.674,0.16299999999999998,0.295,0.212,0.384,0.309,0.169,24.8,12.2,16.9,88.3,29.7,6.6
Tim Beckham,2017,0.278,0.454,0.327,0.781,0.176,0.334,0.265,0.455,0.334,0.186,29,6.3,8.4,87.8,34.8,9.5
Josh Bell,2017,0.255,0.466,0.334,0.8,0.21100000000000002,0.338,0.265,0.441,0.34,0.171,18.9,10.6,8.6,87.7,29.4,6.7
Josh Bell,2018,0.261,0.411,0.357,0.768,0.14999999999999997,0.336,0.26,0.42,0.34,0.156,17.8,13.2,9.2,90,29.6,7
Josh Bell,2019,0.277,0.569,0.367,0.936,0.2919999999999999,0.379,0.283,0.556,0.381,0.271,19.2,12.1,13,92.3,34.9,12.7
Cody Bellinger,2017,0.267,0.581,0.352,0.933,0.31399999999999995,0.38,0.253,0.535,0.364,0.278,26.6,11.7,16.5,89.6,35.6,12.2
Cody Bellinger,2018,0.26,0.47,0.343,0.814,0.20999999999999996,0.345,0.242,0.433,0.328,0.189,23.9,10.9,16.1,89.7,32,8.6
Cody Bellinger,2019,0.305,0.629,0.405,1.034,0.324,0.414,0.323,0.638,0.429,0.314,16.3,14.4,17.6,90.7,40,13
Brandon Belt,2015,0.28,0.478,0.356,0.834,0.19799999999999995,0.359,0.27,0.497,0.364,0.226,26.4,10.1,15.3,89.5,47,10
Brandon Belt,2016,0.275,0.474,0.394,0.868,0.19899999999999995,0.374,0.268,0.495,0.385,0.226,22.6,15.9,21,87.2,43.7,11.3
Brandon Belt,2019,0.234,0.403,0.339,0.742,0.169,0.319,0.245,0.457,0.346,0.211,20.6,13.5,21.9,86.4,41.4,8.7
Carlos Beltran,2015,0.276,0.471,0.337,0.808,0.19499999999999995,0.346,0.281,0.453,0.347,0.171,16,8.5,15.4,90.6,34.3,5.8
Carlos Beltran,2016,0.295,0.513,0.337,0.85,0.21800000000000003,0.358,0.27,0.435,0.325,0.162,17,5.9,12.7,90,33.2,6.8
Carlos Beltran,2017,0.231,0.383,0.283,0.666,0.152,0.283,0.242,0.384,0.298,0.138,20,6.5,13.3,87.3,29.1,4.6
Adrian Beltre,2015,0.287,0.453,0.334,0.788,0.16600000000000004,0.337,0.303,0.491,0.364,0.186,10.5,6.6,12.8,89.5,36.1,5.5
Adrian Beltre,2016,0.3,0.521,0.358,0.879,0.22100000000000003,0.371,0.294,0.516,0.373,0.218,10.3,7.5,14.4,90.1,34.2,8.5
Andrew Benintendi,2017,0.271,0.424,0.351,0.775,0.15299999999999997,0.332,0.27,0.441,0.344,0.167,17,10.6,14.2,87.1,31.7,5.5
Andrew Benintendi,2018,0.29,0.465,0.365,0.829,0.17500000000000004,0.357,0.286,0.457,0.357,0.168,16,10.7,12.6,88.4,37.6,6.4
Andrew Benintendi,2019,0.266,0.431,0.341,0.772,0.16499999999999998,0.33,0.267,0.461,0.34,0.192,22.8,9.6,17.3,88.6,40.1,8.1
Mookie Betts,2015,0.291,0.479,0.339,0.819,0.188,0.351,0.29,0.454,0.342,0.164,12.5,7,15,89.9,34.2,5.9
Mookie Betts,2016,0.318,0.534,0.363,0.897,0.21600000000000003,0.379,0.289,0.457,0.345,0.165,11,6.7,12.5,89.7,32.2,5.3
Mookie Betts,2017,0.264,0.459,0.344,0.803,0.195,0.339,0.279,0.444,0.348,0.161,11.1,10.8,14.1,88.4,32.5,4.5
Mookie Betts,2018,0.346,0.64,0.438,1.078,0.29400000000000004,0.449,0.314,0.61,0.433,0.295,14.8,13.2,18.3,92.2,39.4,14.1
Mookie Betts,2019,0.295,0.524,0.391,0.915,0.22900000000000004,0.38,0.311,0.573,0.408,0.26,14.3,13.7,19.1,91,39.4,10.3
Charlie Blackmon,2015,0.287,0.45,0.345,0.794,0.16300000000000003,0.345,0.27,0.395,0.319,0.125,16.4,6.7,13.5,85.5,36.2,3.9
Charlie Blackmon,2016,0.324,0.552,0.379,0.931,0.22800000000000004,0.394,0.302,0.485,0.366,0.181,15.9,6.7,14.5,86.9,39.3,6.8
Charlie Blackmon,2017,0.331,0.601,0.397,0.998,0.26999999999999996,0.415,0.291,0.524,0.378,0.228,18.6,9,12.8,86.9,38.1,8.7
Charlie Blackmon,2018,0.291,0.502,0.358,0.859,0.21100000000000002,0.368,0.282,0.446,0.347,0.161,19.3,8.5,11.8,87.2,34.9,6.5
Charlie Blackmon,2019,0.314,0.576,0.364,0.94,0.26199999999999996,0.387,0.294,0.52,0.362,0.224,16.4,6.3,14.5,88.5,36.8,8.3
Xander Bogaerts,2015,0.32,0.421,0.353,0.774,0.10099999999999998,0.338,0.291,0.377,0.311,0.085,15.4,4.9,6.6,87.6,28.4,2.5
Xander Bogaerts,2016,0.294,0.446,0.356,0.802,0.15200000000000002,0.348,0.264,0.406,0.324,0.14,17.1,8.1,11.3,88.8,28.4,5.3
Xander Bogaerts,2017,0.273,0.403,0.343,0.746,0.13,0.322,0.26,0.349,0.305,0.085,18.3,8.8,8.2,87.3,26.7,1.3
Xander Bogaerts,2018,0.288,0.522,0.36,0.883,0.23400000000000004,0.374,0.283,0.498,0.367,0.212,17.6,9.5,12.7,90.5,32.9,9.8
Xander Bogaerts,2019,0.309,0.555,0.384,0.939,0.24600000000000005,0.39,0.28,0.484,0.358,0.202,17.5,10.9,13.1,90.6,35.3,8.6
Jackie Bradley Jr.,2016,0.267,0.486,0.349,0.835,0.21899999999999997,0.354,0.253,0.444,0.34,0.189,22.5,9.9,10.1,90.1,29.8,8.6
Jackie Bradley Jr.,2017,0.245,0.402,0.323,0.726,0.15700000000000003,0.313,0.251,0.422,0.33,0.167,22.9,8.9,9.4,88.1,30.6,7.5
Jackie Bradley Jr.,2018,0.234,0.403,0.314,0.717,0.169,0.31,0.265,0.463,0.346,0.197,25.6,8.6,12,91.9,35.2,10.3
Jackie Bradley Jr.,2019,0.225,0.421,0.316,0.737,0.19599999999999998,0.314,0.242,0.435,0.327,0.191,27.3,9.9,8.7,89.7,31.1,9.9
Michael Brantley,2015,0.31,0.48,0.379,0.859,0.16999999999999998,0.368,0.297,0.428,0.346,0.13,8.6,10.1,8.8,88.7,36.2,3.9
Michael Brantley,2018,0.309,0.468,0.363,0.831,0.15900000000000003,0.359,0.307,0.457,0.36,0.145,9.5,7.6,9.5,89.9,39.1,3.7
Michael Brantley,2019,0.311,0.503,0.372,0.875,0.192,0.367,0.303,0.49,0.362,0.184,10.4,8,10.6,88.7,38.4,5.8
Ryan Braun,2015,0.285,0.498,0.356,0.854,0.21300000000000002,0.366,0.294,0.514,0.379,0.218,20.2,9.5,7.5,92.1,32,10.7
Ryan Braun,2016,0.305,0.538,0.365,0.903,0.23300000000000004,0.378,0.291,0.476,0.358,0.181,17.4,8.2,4.3,89.9,27.4,8.4
Ryan Braun,2019,0.285,0.505,0.341,0.846,0.22000000000000003,0.354,0.273,0.479,0.342,0.203,20.7,6.7,7.1,91.2,33.6,9.8
Alex Bregman,2017,0.284,0.475,0.351,0.826,0.191,0.351,0.285,0.455,0.352,0.167,15.5,8.8,16.2,87.4,35.1,4.7
Alex Bregman,2018,0.286,0.532,0.394,0.926,0.24600000000000005,0.396,0.271,0.468,0.371,0.195,12.1,13.6,16.9,89.2,37.9,7.6
Alex Bregman,2019,0.296,0.592,0.423,1.015,0.296,0.418,0.272,0.471,0.378,0.198,12,17.2,19.6,89.3,36.5,5.4
Jay Bruce,2015,0.226,0.434,0.294,0.729,0.208,0.309,0.248,0.452,0.326,0.203,22.3,8.9,15,89.6,35.1,8.6
Jay Bruce,2016,0.25,0.506,0.309,0.815,0.256,0.34,0.25,0.469,0.333,0.217,21.4,7.5,14.6,88.8,36.1,8.7
Jay Bruce,2017,0.254,0.508,0.324,0.832,0.254,0.35,0.264,0.514,0.364,0.246,22.5,9.2,18.2,88.4,39.9,10.7
Kris Bryant,2015,0.275,0.488,0.369,0.858,0.21299999999999997,0.371,0.243,0.476,0.353,0.233,30.6,11.8,19.4,89.6,33.7,11.5
Kris Bryant,2016,0.292,0.554,0.385,0.939,0.26200000000000007,0.396,0.272,0.55,0.388,0.277,22,10.7,20.9,89.3,36.7,11.9
Kris Bryant,2017,0.295,0.537,0.409,0.946,0.24200000000000005,0.399,0.268,0.507,0.386,0.234,19.2,14.3,16.9,87.1,34.9,9.6
Kris Bryant,2019,0.282,0.521,0.382,0.903,0.23900000000000005,0.38,0.246,0.46,0.347,0.212,22.9,11.7,19.3,87.4,36,9.3
Billy Burns,2015,0.294,0.392,0.333,0.726,0.09800000000000003,0.317,0.25,0.294,0.263,0.043,14.6,4.7,7,82.2,27.8,0.5
Billy Butler,2015,0.251,0.39,0.323,0.713,0.139,0.311,0.252,0.443,0.333,0.19,16.8,8.7,8.9,89.3,31.7,7.5
Byron Buxton,2017,0.253,0.413,0.311,0.725,0.15999999999999998,0.312,0.25,0.399,0.309,0.145,29.4,7.4,11.8,85,32.6,5.6
Marlon Byrd,2015,0.247,0.453,0.29,0.743,0.20600000000000002,0.317,0.244,0.434,0.309,0.188,26.7,5.3,11.8,86.4,35.2,8.5
Miguel Cabrera,2015,0.338,0.534,0.44,0.974,0.196,0.413,0.326,0.596,0.431,0.268,16,15.1,12.3,93.6,36.4,10.6
Asdrubal Cabrera,2015,0.265,0.43,0.314,0.744,0.16499999999999998,0.319,0.236,0.392,0.296,0.155,19.4,6.5,16.2,87.3,32.1,5.4
Melky Cabrera,2015,0.273,0.394,0.313,0.708,0.121,0.306,0.283,0.377,0.311,0.093,12.9,5.9,9.5,89.4,31.6,2.4
Miguel Cabrera,2016,0.316,0.563,0.393,0.956,0.24699999999999994,0.398,0.338,0.68,0.456,0.338,17.1,11,12.3,93.6,40.7,15.9
Asdrubal Cabrera,2016,0.28,0.474,0.336,0.81,0.19399999999999995,0.345,0.257,0.426,0.323,0.167,18.1,6.7,14.5,88.2,36.9,5.7
Melky Cabrera,2016,0.296,0.455,0.344,0.799,0.15900000000000003,0.342,0.281,0.385,0.317,0.102,10.7,7.3,10.9,89.2,33.6,2.1
Miguel Cabrera,2017,0.249,0.399,0.329,0.728,0.15000000000000002,0.313,0.282,0.528,0.378,0.242,20.8,10.2,12.2,91.3,41.7,10.5
Asdrubal Cabrera,2017,0.28,0.434,0.35,0.784,0.15399999999999997,0.338,0.264,0.437,0.338,0.167,15.4,9.3,11.3,86.7,37.6,4.7
Melky Cabrera,2017,0.285,0.423,0.323,0.745,0.138,0.319,0.302,0.439,0.341,0.13,11.1,5.4,8.7,88.2,33.9,3.8
Asdrubal Cabrera,2018,0.262,0.458,0.316,0.774,0.196,0.332,0.255,0.438,0.323,0.18,20.1,6.9,14.3,89.6,33.1,7.2
Miguel Cabrera,2019,0.282,0.398,0.346,0.744,0.11600000000000005,0.318,0.273,0.443,0.332,0.167,19.7,8.7,12.2,90.3,38.5,6.4
Asdrubal Cabrera,2019,0.26,0.441,0.342,0.783,0.181,0.331,0.241,0.413,0.318,0.17,20,11.1,14.1,88.8,37.3,5.7
Lorenzo Cain,2015,0.307,0.477,0.361,0.838,0.16999999999999998,0.36,0.317,0.483,0.37,0.164,16.2,6.1,9.5,90,36.3,5.5
Lorenzo Cain,2017,0.3,0.44,0.363,0.803,0.14,0.347,0.313,0.443,0.358,0.126,15.5,8.4,10.1,89.1,32.1,3.5
Lorenzo Cain,2018,0.308,0.417,0.395,0.813,0.10899999999999999,0.359,0.289,0.392,0.342,0.1,15.2,11.5,4.9,89.1,30.9,3.4
Lorenzo Cain,2019,0.26,0.372,0.324,0.696,0.11199999999999999,0.302,0.29,0.412,0.33,0.12,17,8,6.6,89.4,31.3,4.1
Kole Calhoun,2015,0.256,0.422,0.308,0.73,0.16599999999999998,0.317,0.245,0.416,0.311,0.17,23.9,6.6,11.2,85.9,36,6.8
Kole Calhoun,2016,0.271,0.438,0.348,0.786,0.16699999999999998,0.34,0.276,0.457,0.353,0.179,17.6,10,14.8,89.5,36.8,6.2
Kole Calhoun,2017,0.244,0.392,0.333,0.725,0.14800000000000002,0.315,0.247,0.413,0.33,0.16,20.5,10.9,12.1,88.2,34.9,5.4
Kole Calhoun,2018,0.208,0.369,0.283,0.651,0.161,0.283,0.251,0.451,0.333,0.198,24.1,9.6,12,90.4,34.3,9.3
Kole Calhoun,2019,0.232,0.467,0.324,0.792,0.23500000000000001,0.33,0.247,0.477,0.34,0.228,25.6,11.1,14.7,89.3,36.2,11.2
Johan Camargo,2018,0.272,0.457,0.349,0.806,0.185,0.346,0.24,0.379,0.31,0.136,20.6,9.7,12.5,88,31.2,5
Jeimer Candelario,2018,0.224,0.393,0.317,0.71,0.169,0.311,0.203,0.345,0.289,0.139,25.8,10.7,15.3,87.1,32,6
Mark Canha,2019,0.273,0.517,0.396,0.913,0.244,0.386,0.248,0.469,0.362,0.219,21.5,13.5,15,89.1,32.5,9.5
Robinson Cano,2015,0.287,0.446,0.334,0.779,0.15900000000000003,0.335,0.296,0.472,0.352,0.175,15.9,6.4,5.6,91,33.2,7.1
Robinson Cano,2016,0.298,0.533,0.35,0.882,0.23500000000000004,0.37,0.286,0.488,0.355,0.198,14,6.6,11.6,90.1,33.2,7.7
Robinson Cano,2017,0.28,0.453,0.338,0.791,0.173,0.334,0.298,0.499,0.366,0.193,13.1,7.6,7.4,90.3,33.9,6.3
Matt Carpenter,2015,0.272,0.505,0.365,0.871,0.23299999999999998,0.372,0.285,0.521,0.384,0.236,22.7,12.2,17,88.6,44.3,9.4
Matt Carpenter,2016,0.271,0.505,0.378,0.883,0.23399999999999999,0.375,0.285,0.541,0.397,0.254,19.1,14.3,17,89.7,42.7,11.3
Matt Carpenter,2017,0.241,0.451,0.383,0.833,0.21000000000000002,0.361,0.254,0.485,0.383,0.229,20.1,17.5,21.4,88.9,37.5,8.2
Matt Carpenter,2018,0.257,0.523,0.374,0.897,0.266,0.375,0.271,0.546,0.392,0.273,23.3,15.1,20.4,89.6,44.4,13.7
Matt Carpenter,2019,0.226,0.392,0.333,0.725,0.166,0.315,0.23,0.427,0.332,0.194,26.2,12.8,18.1,87.2,37.2,7.8
Chris Carter,2016,0.222,0.499,0.321,0.821,0.277,0.346,0.236,0.532,0.368,0.294,32,11.8,18.5,91.7,36.8,17.6
Nicholas Castellanos,2015,0.255,0.419,0.303,0.721,0.16399999999999998,0.311,0.26,0.439,0.322,0.178,25.5,6.6,16.9,88.3,38.2,7.7
Nicholas Castellanos,2017,0.272,0.49,0.32,0.811,0.21799999999999997,0.341,0.29,0.546,0.379,0.252,21.4,6.2,14.1,89.1,42.8,10.7
Nicholas Castellanos,2018,0.298,0.5,0.354,0.854,0.202,0.363,0.301,0.53,0.377,0.228,22.3,7.2,15.2,89.6,45.3,11.2
Nicholas Castellanos,2019,0.289,0.525,0.337,0.863,0.23600000000000004,0.358,0.283,0.547,0.364,0.262,21.5,6.2,13.9,89,40,11.2
Starlin Castro,2015,0.265,0.375,0.296,0.671,0.10999999999999999,0.288,0.256,0.379,0.287,0.122,15.7,3.6,6.9,86.2,28.6,4.3
Starlin Castro,2016,0.27,0.433,0.3,0.733,0.16299999999999998,0.313,0.269,0.423,0.316,0.151,19.3,3.9,8.9,88.5,32.9,5.4
Starlin Castro,2018,0.278,0.4,0.329,0.729,0.122,0.316,0.262,0.407,0.314,0.142,19.2,7.4,8.4,88.5,32,6.9
Starlin Castro,2019,0.27,0.436,0.3,0.736,0.16599999999999998,0.307,0.268,0.432,0.31,0.162,16.4,4.1,10.9,88.6,29.6,6.2
Francisco Cervelli,2015,0.295,0.401,0.367,0.768,0.10600000000000004,0.341,0.263,0.397,0.327,0.133,18.4,9,6.1,87.5,33.1,4.1
Yoenis Cespedes,2015,0.291,0.542,0.328,0.87,0.25100000000000006,0.367,0.302,0.547,0.377,0.245,20.9,4.9,12.2,92,32.4,11.3
Yoenis Cespedes,2016,0.28,0.53,0.354,0.884,0.25,0.369,0.283,0.526,0.373,0.24,19.9,9.4,16.3,91.7,32.9,9.8
Matt Chapman,2018,0.278,0.508,0.356,0.864,0.22999999999999998,0.369,0.26,0.433,0.339,0.171,23.7,9.4,14.7,93,30.5,8.9
Matt Chapman,2019,0.249,0.506,0.342,0.848,0.257,0.354,0.255,0.505,0.36,0.248,21.9,10.9,16.3,92.6,25.5,12.3
Ji-Man Choi,2019,0.261,0.459,0.363,0.822,0.198,0.348,0.263,0.496,0.366,0.23,22.2,13.1,12.6,91.1,37.9,11.3
Shin-Soo Choo,2015,0.276,0.463,0.374,0.837,0.187,0.365,0.261,0.453,0.359,0.191,22.5,11.6,7.3,90.4,34.2,8.7
Shin-Soo Choo,2017,0.261,0.423,0.355,0.778,0.16199999999999998,0.339,0.276,0.485,0.375,0.204,21.1,12.1,7.2,88,36.1,8.6
Shin-Soo Choo,2018,0.264,0.434,0.376,0.81,0.16999999999999998,0.356,0.251,0.464,0.361,0.21,23.5,13.8,6.1,89,35.9,11.1
Shin-Soo Choo,2019,0.265,0.455,0.371,0.826,0.19,0.353,0.26,0.469,0.356,0.206,25,11.8,8.7,91.3,32.1,8.8
Chris Coghlan,2015,0.25,0.443,0.34,0.783,0.193,0.337,0.248,0.409,0.326,0.159,18.7,11.5,10.4,87.9,33,5.7
Michael Conforto,2018,0.243,0.448,0.35,0.797,0.20500000000000002,0.342,0.243,0.429,0.339,0.183,24.9,13.2,11.9,87.9,36.3,9.5
Michael Conforto,2019,0.257,0.494,0.363,0.856,0.237,0.358,0.262,0.504,0.367,0.24,23,13,15.7,88.8,36,11.9
Willson Contreras,2018,0.249,0.39,0.338,0.729,0.14100000000000001,0.321,0.233,0.37,0.31,0.133,22.2,9.7,6.8,87,28.9,7.3
Carlos Correa,2016,0.274,0.451,0.361,0.811,0.177,0.349,0.289,0.481,0.37,0.189,21.1,11.4,6.9,91,33.6,7.7
Zack Cozart,2016,0.252,0.425,0.307,0.732,0.173,0.312,0.24,0.362,0.291,0.118,16.5,7.3,15.2,86.1,32.5,2.3
Zack Cozart,2017,0.297,0.548,0.385,0.933,0.25100000000000006,0.392,0.256,0.406,0.336,0.145,15.4,12.2,14.7,85.8,35.7,4.4
Brandon Crawford,2015,0.256,0.462,0.321,0.782,0.20600000000000002,0.332,0.262,0.483,0.344,0.22,21.2,7,8.2,89.7,36,8.9
Brandon Crawford,2016,0.275,0.43,0.342,0.772,0.15499999999999997,0.327,0.256,0.412,0.322,0.154,18.5,9.1,12.1,88.3,34.9,5.6
Brandon Crawford,2017,0.253,0.403,0.305,0.709,0.15000000000000002,0.301,0.242,0.407,0.31,0.16,19.8,7.4,11.4,87.4,35,6
Brandon Crawford,2018,0.254,0.394,0.325,0.719,0.14,0.306,0.26,0.384,0.311,0.122,20.5,8.4,11.1,87.3,37.2,3.6
Brandon Crawford,2019,0.228,0.35,0.304,0.654,0.12199999999999997,0.281,0.241,0.4,0.306,0.155,20.9,9.5,8.4,87.5,36.7,5.4
C.J. Cron,2018,0.253,0.493,0.323,0.816,0.24,0.347,0.251,0.486,0.347,0.231,25.9,6.6,15.2,88,34.3,12.2
C.J. Cron,2019,0.253,0.469,0.311,0.78,0.21599999999999997,0.324,0.277,0.548,0.366,0.27,21.4,5.8,12.7,91,34.3,15
Nelson Cruz,2015,0.302,0.566,0.369,0.936,0.26399999999999996,0.396,0.288,0.54,0.379,0.251,25,9,9.6,92.4,35.6,14.1
Nelson Cruz,2016,0.287,0.555,0.36,0.915,0.26800000000000007,0.383,0.286,0.595,0.401,0.307,23.8,9.3,11.1,94.4,35.5,16.5
Nelson Cruz,2017,0.288,0.549,0.375,0.924,0.26100000000000007,0.385,0.293,0.599,0.411,0.301,21.7,10.9,12.4,93.2,34.5,14.2
Nelson Cruz,2018,0.256,0.509,0.342,0.85,0.253,0.361,0.277,0.555,0.389,0.275,20.6,9.3,12.8,93.9,31.3,13.8
Nelson Cruz,2019,0.311,0.639,0.392,1.03,0.328,0.418,0.296,0.644,0.419,0.346,25.1,10.7,13.1,93.7,38.3,19.9
Cheslor Cuthbert,2016,0.274,0.413,0.318,0.73,0.13899999999999996,0.316,0.239,0.334,0.276,0.093,18.8,6.3,12.3,89.2,27,2.4
Chris Davis,2015,0.262,0.562,0.361,0.923,0.30000000000000004,0.39,0.264,0.59,0.398,0.326,31,12.5,17.3,91.8,41.1,17.6
Chris Davis,2016,0.221,0.459,0.332,0.792,0.23800000000000002,0.34,0.219,0.489,0.351,0.268,32.9,13.2,16.9,90.8,36.3,15.1
Khris Davis,2016,0.247,0.524,0.307,0.831,0.277,0.349,0.257,0.561,0.37,0.302,27.2,6.9,12.9,91.7,31.7,17
Chris Davis,2017,0.215,0.423,0.309,0.732,0.208,0.312,0.222,0.45,0.332,0.226,37.2,11.6,14.8,89.9,40.4,12.8
Khris Davis,2017,0.247,0.528,0.336,0.864,0.281,0.361,0.266,0.586,0.395,0.316,29.9,11.2,14.2,92.2,37.6,17.7
Chris Davis,2018,0.168,0.296,0.243,0.539,0.12799999999999997,0.239,0.189,0.357,0.272,0.166,36.8,7.9,14.7,89,35.5,10.3
Khris Davis,2018,0.247,0.549,0.326,0.874,0.30200000000000005,0.365,0.248,0.567,0.376,0.317,26.8,9,18.1,92.5,38,17.2
Khris Davis,2019,0.22,0.387,0.293,0.679,0.167,0.289,0.233,0.442,0.318,0.206,27.4,8.8,13.2,90.1,32,10.1
Paul DeJong,2019,0.233,0.444,0.318,0.762,0.211,0.322,0.237,0.439,0.325,0.201,22.4,9.3,18.5,87,33.4,8.6
Ian Desmond,2015,0.233,0.384,0.287,0.671,0.151,0.294,0.236,0.379,0.295,0.142,29.2,7,5.1,89.6,26.6,7.1
Ian Desmond,2016,0.285,0.446,0.335,0.782,0.16100000000000003,0.336,0.268,0.431,0.327,0.161,23.6,6.5,4.7,90.5,28.8,7.5
Ian Desmond,2018,0.236,0.422,0.307,0.729,0.186,0.315,0.232,0.389,0.304,0.153,23.6,8.6,0,89.9,28.5,7
Ian Desmond,2019,0.255,0.479,0.309,0.788,0.22399999999999998,0.328,0.271,0.474,0.335,0.201,24.7,7.1,8.4,90.6,32.4,10.4
Rafael Devers,2019,0.311,0.555,0.36,0.915,0.24400000000000005,0.377,0.295,0.519,0.36,0.223,17,6.8,10.3,92.1,33.1,9
Corey Dickerson,2016,0.245,0.469,0.292,0.761,0.22399999999999998,0.319,0.233,0.441,0.307,0.206,24.5,6,17.9,89,34.1,11.1
Corey Dickerson,2017,0.282,0.49,0.324,0.814,0.20800000000000002,0.341,0.263,0.452,0.324,0.184,24.2,5.6,13.8,87.2,35.8,7.5
Corey Dickerson,2018,0.3,0.474,0.33,0.804,0.174,0.341,0.287,0.454,0.332,0.164,15,3.9,14.8,87.8,37.6,6.1
Derek Dietrich,2018,0.265,0.421,0.33,0.751,0.15599999999999997,0.327,0.238,0.383,0.303,0.143,25.4,5.3,15.7,87.4,34.1,6.1
Josh Donaldson,2015,0.297,0.568,0.37,0.938,0.27099999999999996,0.397,0.291,0.552,0.391,0.261,18.7,10.3,10,92.1,31.9,12.2
Josh Donaldson,2016,0.284,0.549,0.403,0.952,0.26500000000000007,0.403,0.285,0.561,0.41,0.274,17,15.6,14.7,92,33,12.5
Josh Donaldson,2019,0.259,0.521,0.379,0.9,0.262,0.377,0.269,0.536,0.387,0.265,23.5,15.2,13.3,92.9,33.3,15.7
Brian Dozier,2015,0.236,0.444,0.307,0.751,0.20800000000000002,0.323,0.23,0.388,0.302,0.158,21,8.7,18.7,86.9,34.6,5.9
Brian Dozier,2016,0.268,0.546,0.339,0.885,0.278,0.37,0.239,0.458,0.33,0.218,20,8.8,18.4,87.5,31.2,8.3
Brian Dozier,2017,0.271,0.498,0.359,0.856,0.22699999999999998,0.362,0.252,0.484,0.354,0.227,20,11.1,16.5,87.5,32.2,8.4
Brian Dozier,2018,0.215,0.391,0.305,0.696,0.17600000000000002,0.304,0.21,0.353,0.292,0.14,20.4,11.1,17.8,86.7,31,6.3
Brian Dozier,2019,0.238,0.43,0.34,0.771,0.192,0.329,0.24,0.432,0.331,0.19,21.8,12.7,19,88.3,32.7,6.7
Hunter Dozier,2019,0.279,0.522,0.348,0.87,0.243,0.36,0.261,0.471,0.337,0.208,25.3,9.4,16.7,91.1,35.8,10
Lucas Duda,2015,0.244,0.486,0.352,0.838,0.242,0.359,0.255,0.502,0.368,0.245,24.9,11.9,19.7,91.7,41.1,11.6
Matt Duffy,2015,0.295,0.428,0.333,0.761,0.133,0.331,0.298,0.433,0.336,0.134,15.7,4.9,7.1,87.9,34.1,4.2
Matt Duffy,2018,0.294,0.366,0.361,0.727,0.07200000000000001,0.323,0.277,0.358,0.314,0.077,16.6,8.4,4.6,86.6,33.7,1.2
Adam Duvall,2016,0.241,0.498,0.296,0.794,0.257,0.333,0.246,0.49,0.337,0.243,27,6.7,19,88.6,36.6,12.1
Adam Duvall,2017,0.249,0.48,0.301,0.782,0.23099999999999998,0.327,0.229,0.428,0.308,0.197,26.3,6,21.2,87.3,35,8.9
Adam Eaton,2015,0.287,0.431,0.358,0.79,0.14400000000000002,0.346,0.261,0.359,0.312,0.096,19,8.4,6.4,86.5,27.8,3.1
Adam Eaton,2016,0.284,0.428,0.358,0.786,0.14400000000000002,0.344,0.285,0.408,0.342,0.12,16.3,8.9,3.4,86.9,31.5,3.1
Adam Eaton,2019,0.279,0.428,0.36,0.787,0.14899999999999997,0.342,0.277,0.423,0.34,0.144,16.2,9.9,13.2,86.6,33.9,3.8
Jacoby Ellsbury,2016,0.263,0.374,0.321,0.695,0.11099999999999999,0.308,0.268,0.359,0.31,0.089,13.4,8.6,10.4,86.5,31,1.7
Edwin Encarnacion,2015,0.277,0.557,0.372,0.929,0.28,0.391,0.276,0.54,0.387,0.263,15.7,12.3,16.8,90.2,32,10.7
Edwin Encarnacion,2016,0.263,0.529,0.356,0.885,0.266,0.373,0.266,0.537,0.383,0.268,19.7,12.4,15.7,90.8,36.3,12.3
Edwin Encarnacion,2017,0.258,0.504,0.377,0.88,0.246,0.373,0.266,0.535,0.393,0.264,19.9,15.5,16.7,89.2,36.4,10.6
Edwin Encarnacion,2018,0.246,0.474,0.335,0.809,0.22799999999999998,0.346,0.249,0.492,0.362,0.239,22.8,10.9,18.1,89.9,35.2,11.7
Edwin Encarnacion,2019,0.244,0.531,0.344,0.875,0.28700000000000003,0.362,0.242,0.513,0.36,0.27,21.2,11.9,22.5,90,34.6,12.6
Alcides Escobar,2015,0.257,0.32,0.289,0.609,0.063,0.27,0.273,0.337,0.287,0.062,11.3,3.9,8.3,83.5,31.1,0.9
Yunel Escobar,2015,0.314,0.415,0.374,0.789,0.10099999999999998,0.349,0.296,0.417,0.344,0.119,11.8,7.6,3.9,89.5,30.6,3.4
Alcides Escobar,2016,0.261,0.35,0.287,0.637,0.08899999999999997,0.278,0.251,0.326,0.27,0.072,14.1,4,8.3,82.9,32,1.4
Yunel Escobar,2016,0.304,0.391,0.353,0.743,0.08700000000000002,0.327,0.282,0.385,0.323,0.098,11.8,7.1,1.3,88.8,28.7,2.8
Alcides Escobar,2017,0.25,0.357,0.269,0.626,0.10699999999999998,0.269,0.257,0.36,0.28,0.099,16.2,2.4,12.7,83.1,33.9,2.2
Alcides Escobar,2018,0.231,0.313,0.275,0.588,0.08199999999999999,0.261,0.241,0.329,0.275,0.085,13.9,5.5,9.5,83.1,30.3,2.1
Eduardo Escobar,2018,0.272,0.489,0.334,0.824,0.21699999999999997,0.346,0.249,0.429,0.321,0.177,20,8.2,18.8,86.5,39.5,8.3
Eduardo Escobar,2019,0.269,0.511,0.32,0.831,0.242,0.341,0.258,0.468,0.327,0.209,18.6,7.2,18.3,87.8,38.6,7
Danny Espinosa,2016,0.209,0.378,0.303,0.681,0.169,0.294,0.21,0.379,0.296,0.167,29,9,12,86.4,28,9.1
Prince Fielder,2015,0.305,0.463,0.378,0.841,0.15800000000000003,0.36,0.28,0.458,0.349,0.177,12.7,9.2,9.8,90.8,29.6,6.4
David Fletcher,2019,0.29,0.384,0.349,0.733,0.09400000000000003,0.318,0.302,0.38,0.323,0.076,9.8,8.4,9.8,83.7,38.4,0.4
Wilmer Flores,2015,0.263,0.408,0.294,0.702,0.14499999999999996,0.303,0.25,0.357,0.28,0.107,12.4,3.7,13.8,86.3,32.3,2.1
Logan Forsythe,2015,0.281,0.444,0.359,0.804,0.16299999999999998,0.349,0.255,0.392,0.322,0.136,18,8.9,15.1,88.2,34,3.4
Logan Forsythe,2016,0.264,0.444,0.333,0.778,0.18,0.336,0.275,0.483,0.357,0.206,22.4,8.1,13.5,90,39.1,7.5
Dexter Fowler,2015,0.25,0.411,0.345,0.756,0.16099999999999998,0.333,0.235,0.35,0.307,0.114,22.3,12.2,11.8,86.4,32.2,4.7
Dexter Fowler,2016,0.276,0.447,0.392,0.839,0.17099999999999999,0.367,0.267,0.415,0.36,0.146,22.5,14.3,12,87.4,37.7,5.6
Dexter Fowler,2019,0.238,0.409,0.345,0.754,0.17099999999999999,0.326,0.251,0.421,0.338,0.167,24.7,12.9,13,85.2,40.9,7.4
Maikel Franco,2016,0.255,0.427,0.306,0.733,0.172,0.311,0.264,0.436,0.325,0.169,16.8,6.3,11.9,89.6,29.2,7.1
Maikel Franco,2017,0.23,0.409,0.281,0.69,0.17899999999999996,0.292,0.252,0.409,0.314,0.151,15.2,6.6,11.4,88.9,26.6,6
Todd Frazier,2015,0.255,0.498,0.308,0.806,0.243,0.342,0.259,0.471,0.335,0.211,20.2,6.5,18.4,89.2,33.7,9.2
Todd Frazier,2016,0.225,0.464,0.302,0.766,0.23900000000000002,0.326,0.22,0.427,0.315,0.205,24.5,9.6,20.3,88.8,32,10.1
Todd Frazier,2017,0.213,0.428,0.344,0.772,0.215,0.335,0.239,0.464,0.363,0.221,21.7,14.4,20.3,87.5,33.1,9.6
Todd Frazier,2019,0.251,0.443,0.329,0.772,0.192,0.328,0.24,0.413,0.315,0.171,21.2,8,17.3,88.2,34.6,7.3
Adam Frazier,2019,0.278,0.417,0.334,0.751,0.13899999999999996,0.32,0.275,0.399,0.315,0.121,12.3,6.6,12.1,86.3,36.4,1.9
Freddie Freeman,2016,0.302,0.569,0.4,0.968,0.26699999999999996,0.401,0.286,0.58,0.405,0.292,24.7,12.8,17.3,91.3,47,13.7
Freddie Freeman,2017,0.307,0.586,0.403,0.989,0.27899999999999997,0.407,0.293,0.596,0.409,0.299,18.5,12.6,15.8,89.6,40.9,13.3
Freddie Freeman,2018,0.309,0.505,0.388,0.892,0.196,0.378,0.295,0.533,0.387,0.235,18.7,10.7,14.5,89.1,44.9,9.3
Freddie Freeman,2019,0.295,0.549,0.389,0.938,0.25400000000000006,0.387,0.292,0.571,0.394,0.277,18.4,12.6,14.5,89.7,40.3,12.5
David Freese,2017,0.263,0.371,0.368,0.739,0.10799999999999998,0.326,0.257,0.4,0.344,0.137,23.1,11.5,3,89,31.2,6.4
Joey Gallo,2017,0.209,0.537,0.333,0.869,0.32800000000000007,0.364,0.222,0.554,0.378,0.331,36.8,14.1,22.7,93.1,36,22.1
Joey Gallo,2018,0.206,0.498,0.312,0.81,0.29200000000000004,0.343,0.232,0.539,0.369,0.306,35.9,12.8,21.6,93.9,37.5,22.5
Freddy Galvis,2015,0.263,0.343,0.299,0.642,0.08000000000000002,0.283,0.249,0.342,0.279,0.093,17.1,5,11.4,84.2,33.4,2.4
Freddy Galvis,2016,0.241,0.399,0.271,0.67,0.15800000000000003,0.284,0.239,0.356,0.273,0.114,21.8,4,12.4,85.6,34.8,3
Freddy Galvis,2017,0.255,0.382,0.308,0.689,0.127,0.298,0.257,0.383,0.305,0.12,16.7,6.8,14,85.1,32.8,2.4
Freddy Galvis,2018,0.248,0.38,0.299,0.679,0.132,0.294,0.227,0.35,0.278,0.12,22.4,6.9,13.2,87.5,32.9,3.9
Freddy Galvis,2019,0.26,0.438,0.295,0.733,0.178,0.308,0.238,0.387,0.28,0.147,24.6,4.8,14.2,88.2,31.8,5.5
Ben Gamel,2017,0.275,0.413,0.322,0.734,0.13799999999999996,0.315,0.257,0.386,0.303,0.123,22.2,6.5,10.7,86.2,33.2,4.1
Avisail Garcia,2015,0.257,0.365,0.309,0.675,0.10799999999999998,0.295,0.274,0.406,0.32,0.13,23.5,6,6.3,88.5,34.9,4.8
Adonis Garcia,2016,0.273,0.406,0.311,0.717,0.133,0.308,0.288,0.429,0.328,0.137,16.5,4.3,7.9,89,30.5,5.2
Avisail Garcia,2017,0.33,0.506,0.38,0.885,0.176,0.375,0.309,0.525,0.378,0.211,19.8,5.9,7.5,90.3,31.6,8.8
Avisail Garcia,2019,0.282,0.464,0.332,0.796,0.18200000000000005,0.334,0.275,0.494,0.342,0.217,23.6,5.8,9.8,89.5,34.1,11.7
Leury Garcia,2019,0.279,0.378,0.304,0.682,0.09899999999999998,0.295,0.247,0.352,0.274,0.101,22.5,3.4,4.8,86.6,30.1,3.8
Brett Gardner,2015,0.259,0.399,0.338,0.738,0.14,0.327,0.268,0.406,0.336,0.135,20.6,10.4,8.9,86.8,32.4,4.5
Brett Gardner,2016,0.261,0.362,0.349,0.711,0.10099999999999998,0.317,0.258,0.348,0.318,0.086,16.7,11,6.3,85.4,28.2,2.4
Brett Gardner,2017,0.264,0.428,0.348,0.775,0.16399999999999998,0.336,0.278,0.416,0.344,0.132,17.9,10.6,9.2,85.4,34.4,3.8
Brett Gardner,2018,0.236,0.368,0.32,0.688,0.132,0.305,0.234,0.34,0.296,0.102,17.6,10.7,8.4,87.3,30.6,2.8
Brett Gardner,2019,0.251,0.503,0.325,0.829,0.252,0.344,0.242,0.372,0.301,0.128,19.6,9.5,13.6,87.2,29.3,4.1
Evan Gattis,2015,0.246,0.463,0.285,0.748,0.21700000000000003,0.317,0.247,0.415,0.301,0.168,19.7,5,10.3,88.9,29.9,7.1
Scooter Gennett,2016,0.263,0.412,0.315,0.727,0.14899999999999997,0.315,0.239,0.35,0.288,0.106,21,7,11.7,86.7,34.4,3.9
Scooter Gennett,2018,0.31,0.49,0.356,0.846,0.18,0.362,0.259,0.406,0.312,0.144,19.6,6.6,13.3,86.7,37.5,5.8
Johnny Giavotella,2015,0.272,0.375,0.313,0.688,0.10299999999999998,0.303,0.268,0.341,0.293,0.073,11.8,6.4,8.8,84.6,31.1,1
Paul Goldschmidt,2015,0.321,0.57,0.435,1.004,0.24899999999999994,0.417,0.287,0.558,0.4,0.271,21.7,17,13,92,40.2,12.5
Paul Goldschmidt,2016,0.297,0.489,0.41,0.899,0.192,0.382,0.272,0.458,0.367,0.183,21.3,15.6,11.1,91,33.2,7.8
Paul Goldschmidt,2017,0.297,0.563,0.403,0.966,0.26599999999999996,0.4,0.288,0.567,0.404,0.273,22.1,14.1,11.6,91.4,32.8,13.3
Paul Goldschmidt,2018,0.29,0.533,0.388,0.921,0.24300000000000005,0.39,0.272,0.534,0.384,0.259,25.1,13,15.7,90.8,37.1,13.6
Paul Goldschmidt,2019,0.26,0.476,0.345,0.82,0.21599999999999997,0.346,0.262,0.513,0.361,0.25,24.3,11.4,15.3,90.1,36.6,11.3
Adrian Gonzalez,2015,0.275,0.48,0.35,0.83,0.20499999999999996,0.354,0.282,0.5,0.365,0.217,16.6,9.6,14,88.6,41.3,8.1
Carlos Gonzalez,2015,0.271,0.54,0.324,0.864,0.269,0.363,0.26,0.47,0.336,0.209,21.9,7.6,8.2,89.8,31.3,11
Adrian Gonzalez,2016,0.285,0.435,0.349,0.784,0.15000000000000002,0.334,0.273,0.424,0.331,0.147,18.5,8.7,9.4,88,39.4,4.6
Carlos Gonzalez,2016,0.298,0.505,0.35,0.855,0.20700000000000002,0.361,0.28,0.472,0.346,0.189,20.4,7.3,8.6,90.1,32.9,8.8
Marwin Gonzalez,2016,0.254,0.401,0.29,0.69,0.14700000000000002,0.298,0.243,0.393,0.294,0.146,22.8,4.2,6.5,86.2,31.1,5.4
Carlos Gonzalez,2017,0.262,0.423,0.339,0.762,0.16099999999999998,0.327,0.242,0.377,0.313,0.13,22.3,10.5,6.1,87.4,28.9,5.9
Marwin Gonzalez,2017,0.303,0.53,0.375,0.904,0.22700000000000004,0.381,0.258,0.424,0.333,0.16,19.2,9.5,10.9,87.5,29.4,6.6
Carlos Gonzalez,2018,0.276,0.467,0.329,0.796,0.191,0.338,0.252,0.391,0.303,0.137,22.4,7.3,8.9,89.4,30.3,6.2
Marwin Gonzalez,2018,0.247,0.409,0.321,0.73,0.16199999999999998,0.318,0.243,0.411,0.318,0.167,22.8,9.6,10,87.4,35.7,6.8
Dee Gordon,2015,0.333,0.418,0.355,0.773,0.08499999999999996,0.337,0.285,0.348,0.291,0.062,13.9,3.8,-0.7,81.5,28.8,1.1
Alex Gordon,2016,0.22,0.38,0.312,0.692,0.16,0.303,0.232,0.425,0.327,0.191,29.2,10.3,15.4,87.8,35.6,8.7
Alex Gordon,2017,0.208,0.315,0.292,0.607,0.10700000000000001,0.269,0.225,0.365,0.3,0.136,23.3,8.3,13.2,85.8,35.1,4.5
Dee Gordon,2017,0.308,0.375,0.34,0.715,0.067,0.312,0.276,0.332,0.287,0.048,13.4,3.6,0.2,79.3,27.7,0.2
Alex Gordon,2018,0.245,0.37,0.324,0.694,0.125,0.305,0.258,0.435,0.334,0.174,21.8,8.8,10.9,88.5,36.6,6.8
Dee Gordon,2018,0.268,0.349,0.284,0.633,0.08099999999999996,0.277,0.277,0.333,0.278,0.05,13.6,1.5,3.5,80.6,30.4,0.2
Alex Gordon,2019,0.266,0.396,0.344,0.74,0.13,0.319,0.261,0.43,0.332,0.166,15.8,8.1,9,88.2,33.7,5.4
Anthony Gose,2015,0.254,0.367,0.32,0.687,0.11299999999999999,0.304,0.241,0.321,0.284,0.079,27.1,8.4,4.9,85.8,30.7,2.3
Yasmani Grandal,2018,0.241,0.466,0.349,0.815,0.22500000000000003,0.352,0.222,0.446,0.338,0.22,23.9,13.9,14,88.9,33.2,11.9
Yasmani Grandal,2019,0.246,0.468,0.38,0.848,0.22200000000000003,0.361,0.24,0.474,0.363,0.231,22,17.2,13.9,90.3,37.7,11.3
Curtis Granderson,2015,0.259,0.457,0.364,0.821,0.198,0.357,0.265,0.466,0.363,0.2,22.1,13.3,18.1,89.3,40.9,8.3
Curtis Granderson,2016,0.237,0.464,0.335,0.799,0.22700000000000004,0.339,0.246,0.433,0.337,0.185,20.5,11.7,18.4,87.6,34.5,7.4
Curtis Granderson,2017,0.212,0.452,0.323,0.775,0.24000000000000002,0.33,0.225,0.457,0.344,0.227,23.3,13.5,20.2,87.5,33.7,10.9
Didi Gregorius,2015,0.265,0.37,0.317,0.686,0.10499999999999998,0.303,0.259,0.338,0.292,0.079,14.7,5.7,10.4,84.8,34.1,1.6
Didi Gregorius,2016,0.276,0.447,0.302,0.748,0.17099999999999999,0.319,0.251,0.356,0.278,0.102,13.7,3.2,13.5,85,32.7,2.9
Didi Gregorius,2017,0.287,0.478,0.318,0.795,0.191,0.335,0.263,0.388,0.298,0.123,12.3,4.4,17.4,84.4,35.2,3.6
Didi Gregorius,2018,0.268,0.494,0.334,0.828,0.22599999999999998,0.35,0.262,0.402,0.319,0.137,12.1,8.4,15.6,86.5,32.8,4.7
Randal Grichuk,2019,0.232,0.457,0.28,0.738,0.225,0.307,0.237,0.427,0.301,0.188,26,5.6,16.2,89.3,31.3,8.5
Robbie Grossman,2019,0.24,0.348,0.334,0.682,0.10799999999999998,0.299,0.265,0.383,0.324,0.115,17.8,12.2,12.1,87.7,36.3,2.4
Vladimir Guerrero Jr.,2019,0.272,0.433,0.339,0.772,0.16099999999999998,0.329,0.263,0.437,0.33,0.17,17.7,8.9,6.7,89.4,30.9,7.7
Yuli Gurriel,2017,0.299,0.486,0.332,0.817,0.187,0.345,0.287,0.442,0.333,0.15,11,3.9,10.3,89.8,29.4,3.4
Yuli Gurriel,2018,0.291,0.428,0.323,0.751,0.137,0.323,0.264,0.366,0.293,0.099,11,4,11.5,89.3,32.6,1.9
Yuli Gurriel,2019,0.298,0.541,0.343,0.884,0.24300000000000005,0.364,0.284,0.422,0.322,0.135,10.6,6,14.5,89.3,34.3,3.8
Billy Hamilton,2017,0.247,0.335,0.297,0.632,0.08800000000000002,0.278,0.237,0.289,0.261,0.044,21,7,8.3,78.6,32.5,0.4
Billy Hamilton,2018,0.236,0.327,0.299,0.626,0.09100000000000003,0.277,0.23,0.273,0.26,0.039,23.7,8.3,14.3,79.3,36.6,0.5
Mitch Haniger,2018,0.285,0.493,0.366,0.859,0.20800000000000002,0.367,0.281,0.501,0.371,0.218,21.7,10.2,12.7,90.2,36.5,10.3
Bryce Harper,2015,0.33,0.649,0.46,1.109,0.319,0.461,0.297,0.548,0.417,0.25,20,19,14.5,91.2,37.8,13.2
Bryce Harper,2016,0.243,0.441,0.373,0.814,0.198,0.343,0.258,0.448,0.356,0.187,18.7,17.2,14.6,88.6,32.1,7.5
Bryce Harper,2018,0.249,0.496,0.393,0.889,0.247,0.376,0.26,0.511,0.388,0.248,24.3,18.7,13.9,90.6,35.4,11.5
Bryce Harper,2019,0.26,0.51,0.372,0.882,0.25,0.366,0.279,0.548,0.387,0.267,26.1,14.5,13.1,91.3,37.6,14.8
Josh Harrison,2016,0.283,0.388,0.308,0.697,0.10500000000000004,0.301,0.261,0.377,0.291,0.113,14.6,3.4,11.5,85.2,36.9,2.1
Josh Harrison,2017,0.272,0.432,0.338,0.77,0.15999999999999998,0.332,0.263,0.407,0.324,0.14,16.6,5.2,15.7,84.1,38.7,2.7
Chase Headley,2015,0.259,0.369,0.324,0.693,0.10999999999999999,0.306,0.266,0.404,0.325,0.137,21,7.9,11.8,86.6,37.2,5.1
Chase Headley,2016,0.253,0.385,0.331,0.716,0.132,0.312,0.242,0.38,0.312,0.134,22.3,9.6,11.7,87.1,33.6,5.9
Chase Headley,2017,0.273,0.406,0.352,0.758,0.133,0.329,0.256,0.401,0.327,0.139,22.5,10.2,11.3,86.7,36.9,4.6
Ryon Healy,2017,0.271,0.451,0.302,0.754,0.18,0.32,0.254,0.453,0.319,0.193,23.5,3.8,12.6,88.2,35.8,7.6
Ryon Healy,2018,0.235,0.412,0.277,0.688,0.177,0.296,0.259,0.44,0.32,0.178,21.6,5.2,12.1,89.4,32.2,7.1
Adeiny Hechavarria,2016,0.236,0.311,0.282,0.593,0.07500000000000001,0.256,0.273,0.359,0.296,0.082,13.3,6,7.5,87.4,30.5,1.1
Cesar Hernandez,2016,0.294,0.393,0.368,0.761,0.09900000000000003,0.335,0.285,0.364,0.327,0.073,18.6,10.6,2.3,84.2,30.4,1.8
Cesar Hernandez,2017,0.294,0.421,0.373,0.793,0.127,0.346,0.29,0.414,0.348,0.118,18,10.6,3.3,84.3,33.3,2.9
Cesar Hernandez,2018,0.253,0.362,0.356,0.718,0.10899999999999999,0.32,0.252,0.361,0.321,0.105,21.9,13.4,9.4,84.2,30,4.2
Teoscar Hernandez,2018,0.239,0.468,0.302,0.771,0.22900000000000004,0.328,0.235,0.498,0.34,0.26,31.2,7.8,17,91.8,34.8,15.5
Cesar Hernandez,2019,0.279,0.408,0.333,0.741,0.12899999999999995,0.315,0.273,0.378,0.303,0.102,15,6.7,9.3,85.7,32,2.7
Odubel Herrera,2015,0.297,0.418,0.341,0.759,0.121,0.333,0.264,0.372,0.304,0.107,24,5.2,5.9,87,33.6,3.2
Odubel Herrera,2016,0.286,0.42,0.36,0.78,0.134,0.338,0.258,0.377,0.315,0.116,20.4,9.6,9.3,86.9,31.6,4.2
Odubel Herrera,2017,0.281,0.452,0.325,0.778,0.17099999999999999,0.329,0.271,0.42,0.319,0.145,22.4,5.5,8.9,86.5,35.1,6.2
Odubel Herrera,2018,0.255,0.42,0.31,0.73,0.16499999999999998,0.315,0.235,0.358,0.285,0.12,20.4,6.4,12.3,86.3,29.1,4.9
Jason Heyward,2015,0.293,0.439,0.357,0.796,0.14600000000000002,0.345,0.282,0.391,0.327,0.108,14.8,9.2,4.6,89.2,25.9,2.8
Jason Heyward,2016,0.23,0.325,0.306,0.63,0.095,0.282,0.263,0.357,0.311,0.092,15.7,9.1,10.6,86.7,29.1,2.7
Jason Heyward,2019,0.251,0.429,0.343,0.772,0.178,0.328,0.269,0.416,0.333,0.144,18.7,11.5,11.1,88.6,32.3,5.9
Aaron Hicks,2018,0.248,0.467,0.365,0.832,0.21900000000000003,0.36,0.266,0.466,0.372,0.197,19.1,15.5,12.5,88.9,34.2,8.8
Brock Holt,2015,0.28,0.379,0.346,0.725,0.09899999999999998,0.321,0.263,0.337,0.303,0.071,19.1,9,7.2,85.9,32.2,0.6
Rhys Hoskins,2018,0.246,0.496,0.353,0.849,0.25,0.364,0.235,0.463,0.352,0.225,22.7,13.2,22.4,88.9,36.1,11.4
Rhys Hoskins,2019,0.226,0.454,0.363,0.818,0.228,0.347,0.221,0.426,0.342,0.203,24.5,16.5,24,89.7,31,9.7
Eric Hosmer,2015,0.297,0.459,0.363,0.822,0.16200000000000003,0.354,0.303,0.478,0.366,0.175,16.2,9.1,5.5,89,30.5,7.3
Eric Hosmer,2016,0.266,0.433,0.328,0.761,0.16699999999999998,0.326,0.266,0.451,0.339,0.181,19.8,8.5,3.6,91.6,26.2,9.4
Eric Hosmer,2017,0.318,0.498,0.385,0.882,0.18,0.376,0.298,0.467,0.364,0.164,15.5,9.8,3.8,89.7,30.7,7
Eric Hosmer,2018,0.253,0.398,0.322,0.72,0.14500000000000002,0.31,0.251,0.392,0.31,0.136,21,9.2,-1.2,88.8,27.3,6.4
Eric Hosmer,2019,0.265,0.425,0.31,0.735,0.15999999999999998,0.309,0.259,0.418,0.308,0.156,24.4,6,2.1,90.5,29.1,7.2
Ryan Howard,2015,0.229,0.443,0.276,0.72,0.214,0.308,0.269,0.515,0.354,0.245,27.4,5.4,14.6,91.2,42.8,11.7
Torii Hunter,2015,0.24,0.409,0.293,0.702,0.16899999999999998,0.304,0.236,0.375,0.291,0.139,18.5,6.2,10.1,88.1,28.5,5
Jose Iglesias,2016,0.255,0.336,0.302,0.638,0.08100000000000002,0.283,0.266,0.325,0.289,0.056,9.7,5.5,7.1,82.5,29.7,0.7
Jose Iglesias,2019,0.288,0.407,0.317,0.724,0.119,0.306,0.272,0.369,0.289,0.093,13.2,3.8,7,84,30.9,2.5
Ender Inciarte,2015,0.303,0.408,0.337,0.745,0.10499999999999998,0.325,0.282,0.35,0.297,0.067,10.3,4.6,5.5,84.2,29.8,1.1
Ender Inciarte,2016,0.291,0.381,0.348,0.729,0.09000000000000002,0.319,0.268,0.332,0.296,0.061,11.8,7.8,7,84.5,31.5,0.7
Ender Inciarte,2017,0.304,0.409,0.348,0.758,0.10499999999999998,0.328,0.268,0.356,0.297,0.08,13.1,6.8,8.6,81.2,34.3,0.5
Ender Inciarte,2018,0.265,0.38,0.323,0.703,0.11499999999999999,0.309,0.254,0.34,0.294,0.081,13,7.4,10,83.6,32.9,1.5
Austin Jackson,2015,0.267,0.385,0.309,0.694,0.118,0.305,0.275,0.389,0.311,0.113,23.9,5.5,6.8,88.7,35.5,3.8
Jon Jay,2018,0.268,0.347,0.328,0.675,0.07899999999999996,0.301,0.26,0.343,0.298,0.079,16.2,5.6,3.2,84.1,31.8,1.8
Eloy Jimenez,2019,0.267,0.513,0.315,0.828,0.246,0.343,0.268,0.521,0.349,0.251,26.6,6,9.3,91.2,32.4,12.8
Adam Jones,2015,0.269,0.474,0.308,0.782,0.20499999999999996,0.334,0.285,0.492,0.347,0.206,17.6,4.1,11.2,87.9,27.7,9.2
Adam Jones,2016,0.265,0.436,0.31,0.746,0.17099999999999999,0.318,0.27,0.471,0.337,0.198,17.1,5.8,14.5,88.4,32,8
Adam Jones,2017,0.285,0.466,0.321,0.787,0.18100000000000005,0.334,0.269,0.445,0.324,0.172,17.8,4.3,11.6,86.5,34,6.4
Adam Jones,2018,0.281,0.419,0.313,0.732,0.13799999999999996,0.315,0.271,0.411,0.311,0.138,15.2,3.9,13,88,35.6,4.9
Adam Jones,2019,0.26,0.414,0.313,0.727,0.15399999999999997,0.308,0.256,0.428,0.313,0.17,19.1,5.9,13.5,86,31.3,6.7
Tommy Joseph,2017,0.24,0.432,0.289,0.721,0.192,0.305,0.24,0.408,0.305,0.164,24.2,6.2,14,89.1,30.9,7.3
Matt Joyce,2017,0.243,0.473,0.335,0.808,0.22999999999999998,0.343,0.253,0.48,0.358,0.224,20.8,12.1,15.2,88.1,38.3,8.8
Aaron Judge,2017,0.284,0.627,0.422,1.049,0.343,0.43,0.284,0.651,0.446,0.364,30.7,18.7,15.8,94.9,38.2,25.7
Matt Kemp,2015,0.265,0.443,0.312,0.755,0.178,0.325,0.271,0.467,0.34,0.195,22.7,6,11.8,89.5,35.2,8.3
Matt Kemp,2016,0.268,0.499,0.304,0.803,0.23099999999999998,0.333,0.265,0.518,0.347,0.25,23.2,5.4,14.4,88.2,37.4,11.1
Matt Kemp,2018,0.29,0.481,0.338,0.818,0.191,0.348,0.278,0.528,0.362,0.248,22.7,7.1,15.8,89.6,44.1,11.3
Howie Kendrick,2016,0.255,0.366,0.326,0.691,0.11099999999999999,0.303,0.279,0.425,0.341,0.143,17.7,9.2,1.6,90.1,27.9,5.8
Max Kepler,2017,0.243,0.425,0.312,0.736,0.182,0.315,0.245,0.378,0.305,0.129,20.1,8.3,12.7,88.3,31.9,4
Max Kepler,2018,0.224,0.408,0.319,0.727,0.18399999999999997,0.317,0.234,0.404,0.322,0.168,15.7,11.6,16.2,89.5,30.5,6.6
Max Kepler,2019,0.252,0.519,0.336,0.855,0.267,0.355,0.262,0.458,0.342,0.195,16.6,10.1,18.2,89.7,31,8.9
Kevin Kiermaier,2015,0.263,0.42,0.297,0.717,0.15699999999999997,0.309,0.283,0.385,0.308,0.101,17.8,4.5,8.3,86.7,30,2.4
Kevin Kiermaier,2019,0.228,0.398,0.277,0.675,0.17,0.284,0.246,0.393,0.292,0.144,21.7,5.4,6.7,88.9,26.4,5.5
Scott Kingery,2019,0.258,0.474,0.314,0.788,0.21599999999999997,0.329,0.247,0.435,0.314,0.187,29.4,6.8,17.5,88.2,39.2,8
Ian Kinsler,2015,0.296,0.428,0.342,0.77,0.132,0.334,0.28,0.391,0.315,0.111,11.9,6.4,17.4,85.6,37.5,2.9
Ian Kinsler,2016,0.288,0.484,0.348,0.831,0.196,0.356,0.268,0.423,0.33,0.153,16.9,6.6,18.3,87,37.5,4
Ian Kinsler,2017,0.236,0.412,0.313,0.725,0.176,0.313,0.258,0.438,0.336,0.176,14,9,19.3,86.2,37.2,4.9
Ian Kinsler,2018,0.24,0.38,0.301,0.681,0.14,0.298,0.248,0.369,0.299,0.118,12,7.5,17.8,85.3,36.6,3.1
Jason Kipnis,2015,0.303,0.451,0.37,0.821,0.14800000000000002,0.355,0.306,0.445,0.358,0.138,16.7,8.9,8.2,88.7,37.2,3
Jason Kipnis,2016,0.275,0.469,0.34,0.809,0.19399999999999995,0.347,0.272,0.452,0.348,0.177,21.2,8.7,13.9,89.1,38.4,6.7
Jason Kipnis,2018,0.23,0.389,0.314,0.703,0.159,0.309,0.237,0.395,0.315,0.154,18.6,10,17,86.1,34.6,6.6
Jason Kipnis,2019,0.245,0.41,0.301,0.712,0.16499999999999998,0.301,0.261,0.418,0.316,0.155,17.2,7.8,13.1,86.7,33.3,5.5
Jake Lamb,2016,0.249,0.509,0.332,0.84,0.26,0.352,0.251,0.48,0.35,0.227,25.9,10.8,10.4,91.3,35.4,12.1
Jake Lamb,2017,0.248,0.487,0.357,0.844,0.239,0.353,0.257,0.469,0.358,0.209,23.9,13.7,12.2,88.3,34.4,9.3
Ramon Laureano,2019,0.288,0.521,0.339,0.86,0.23300000000000004,0.356,0.274,0.487,0.342,0.211,25.6,5.6,14.8,89.5,38.1,9.7
Brett Lawrie,2015,0.26,0.407,0.297,0.705,0.14699999999999996,0.305,0.257,0.4,0.302,0.141,23.9,4.7,7.1,89.6,30.8,4.7
DJ LeMahieu,2015,0.301,0.388,0.356,0.745,0.08700000000000002,0.327,0.286,0.391,0.324,0.103,17.3,8.1,2.8,90,34,2.2
DJ LeMahieu,2016,0.348,0.495,0.411,0.906,0.14700000000000002,0.391,0.343,0.494,0.397,0.148,12.6,10.4,4.8,90.4,36.6,4.9
DJ LeMahieu,2017,0.31,0.409,0.372,0.781,0.09899999999999998,0.342,0.31,0.412,0.349,0.096,13.2,8.7,2.8,88.8,31.7,1.9
DJ LeMahieu,2018,0.276,0.428,0.32,0.748,0.15199999999999997,0.323,0.282,0.424,0.327,0.14,14.1,6.4,5.7,91.1,31.3,5.2
DJ LeMahieu,2019,0.327,0.518,0.374,0.892,0.191,0.375,0.322,0.529,0.379,0.203,13.7,7,6.7,91.7,36.6,7.5
Adam Lind,2015,0.277,0.46,0.36,0.82,0.183,0.35,0.248,0.421,0.326,0.171,17.5,11.5,11,89.5,31.6,7.2
Francisco Lindor,2016,0.301,0.435,0.357,0.792,0.134,0.34,0.293,0.424,0.34,0.129,12.9,8.3,7.7,88.4,35.2,4.1
Francisco Lindor,2017,0.273,0.505,0.335,0.84,0.23199999999999998,0.353,0.291,0.515,0.372,0.221,12.9,8.3,13.6,88.3,32.3,7.2
Francisco Lindor,2018,0.277,0.519,0.35,0.869,0.242,0.368,0.292,0.515,0.375,0.221,14.4,9.4,14.5,90.2,34.6,9.5
Francisco Lindor,2019,0.284,0.518,0.335,0.853,0.23400000000000004,0.349,0.276,0.462,0.33,0.183,15,7,11.9,90.6,29.8,7.5
Evan Longoria,2015,0.27,0.435,0.328,0.764,0.16499999999999998,0.326,0.261,0.463,0.336,0.201,19.7,7.6,15.4,89.6,33.5,8.5
Evan Longoria,2016,0.273,0.521,0.318,0.84,0.248,0.35,0.272,0.539,0.362,0.265,21,6.1,18.3,90.7,38.1,11.9
Evan Longoria,2017,0.261,0.424,0.313,0.737,0.16299999999999998,0.313,0.249,0.417,0.315,0.162,16.1,6.8,12.7,86.7,32.4,5.2
Evan Longoria,2018,0.244,0.413,0.281,0.694,0.16899999999999998,0.295,0.249,0.425,0.308,0.172,19.7,4.3,13.6,88.5,32.6,7.6
Evan Longoria,2019,0.254,0.437,0.325,0.762,0.183,0.322,0.274,0.498,0.352,0.221,22,8.5,14,89.7,35.8,7.5
Jed Lowrie,2017,0.277,0.448,0.36,0.808,0.17099999999999999,0.347,0.29,0.487,0.372,0.193,15.5,11.3,18.6,88.8,43.2,6
Jed Lowrie,2018,0.267,0.448,0.353,0.801,0.181,0.348,0.251,0.42,0.333,0.166,18.8,11.5,17.2,89,38.2,5.3
Jonathan Lucroy,2016,0.292,0.5,0.355,0.855,0.20800000000000002,0.361,0.276,0.473,0.349,0.194,18.4,8.6,14.7,87.6,38.1,7.6
Manny Machado,2015,0.286,0.502,0.358,0.86,0.21600000000000003,0.37,0.279,0.46,0.354,0.18,15.6,9.8,12.1,90.3,30.1,7.6
Manny Machado,2016,0.294,0.533,0.343,0.876,0.23900000000000005,0.366,0.295,0.534,0.375,0.236,17.2,6.9,14.7,90.3,35.4,9.5
Manny Machado,2017,0.259,0.471,0.31,0.782,0.21199999999999997,0.328,0.287,0.526,0.371,0.235,16.7,7.2,13.4,90.9,30.3,10.5
Manny Machado,2018,0.297,0.538,0.367,0.905,0.24100000000000005,0.377,0.289,0.517,0.372,0.225,14.7,9.9,14.4,91.6,33.8,11.3
Manny Machado,2019,0.256,0.462,0.334,0.796,0.20600000000000002,0.335,0.266,0.466,0.342,0.198,19.4,9.8,13,91.2,31.2,8
Trey Mancini,2017,0.293,0.488,0.338,0.826,0.195,0.349,0.274,0.493,0.347,0.214,23.7,5.6,7.2,88.6,31.6,9.8
Trey Mancini,2018,0.242,0.416,0.299,0.715,0.174,0.308,0.257,0.443,0.332,0.182,24.1,6.9,5.4,89.9,27.6,11.8
Trey Mancini,2019,0.291,0.535,0.364,0.899,0.24400000000000005,0.373,0.283,0.511,0.364,0.224,21.1,9.3,7.8,90.3,36.4,10.3
Manuel Margot,2017,0.263,0.409,0.312,0.721,0.14599999999999996,0.309,0.265,0.378,0.308,0.108,20,6.6,10.1,84.5,34.7,2.6
Manuel Margot,2018,0.245,0.384,0.291,0.675,0.139,0.288,0.255,0.371,0.294,0.113,17,6.2,11.4,88.7,34,3.3
Nick Markakis,2015,0.296,0.376,0.37,0.746,0.08000000000000002,0.327,0.273,0.349,0.31,0.075,12.1,10.2,6.8,88.3,30.9,0.8
Nick Markakis,2016,0.269,0.397,0.346,0.744,0.128,0.321,0.279,0.42,0.343,0.137,14.8,10.4,10.9,90.6,37.7,4.9
Nick Markakis,2017,0.275,0.384,0.354,0.738,0.10899999999999999,0.321,0.269,0.39,0.327,0.114,16.4,10.1,8.6,88.3,34.2,3.3
Nick Markakis,2018,0.297,0.44,0.366,0.806,0.14300000000000002,0.345,0.294,0.429,0.345,0.132,11.3,10.2,10.1,90.6,38.4,3.1
Starling Marte,2015,0.287,0.444,0.335,0.779,0.15700000000000003,0.337,0.292,0.467,0.35,0.172,19.4,4.3,4.7,86.4,33.4,6.9
Starling Marte,2016,0.311,0.456,0.361,0.817,0.14500000000000002,0.351,0.288,0.439,0.338,0.147,19.7,4.3,8.4,86.6,36,5.4
Starling Marte,2018,0.277,0.46,0.327,0.786,0.183,0.337,0.279,0.467,0.342,0.184,18,5.8,8.2,87.5,31.5,7.5
Ketel Marte,2018,0.26,0.437,0.331,0.768,0.177,0.33,0.261,0.396,0.32,0.132,13.6,9.3,5.7,88.5,29.3,5
Starling Marte,2019,0.295,0.503,0.341,0.844,0.20800000000000002,0.353,0.304,0.511,0.361,0.204,16,4.3,7.4,87.4,31.9,8.2
Ketel Marte,2019,0.329,0.592,0.389,0.981,0.26299999999999996,0.405,0.299,0.521,0.37,0.219,13.7,8.4,11.5,89.8,34.6,9.3
Russell Martin,2015,0.24,0.458,0.329,0.787,0.21800000000000003,0.34,0.241,0.417,0.333,0.175,20.9,10.5,9,88.7,26.8,8.2
Russell Martin,2016,0.231,0.398,0.335,0.732,0.167,0.322,0.225,0.41,0.328,0.182,27.7,12,9.7,89,29.7,9.3
Leonys Martin,2016,0.247,0.378,0.304,0.682,0.131,0.298,0.233,0.348,0.288,0.112,25.9,7.6,11,85.6,31.1,5.3
J.D. Martinez,2015,0.282,0.535,0.344,0.879,0.25300000000000006,0.372,0.279,0.589,0.388,0.31,27.1,8.1,16,91.2,40.4,17.6
Victor Martinez,2016,0.289,0.476,0.351,0.826,0.187,0.351,0.286,0.507,0.365,0.217,14.8,8.2,15.7,90,37.8,8.4
J.D. Martinez,2016,0.307,0.535,0.373,0.908,0.22800000000000004,0.384,0.296,0.569,0.399,0.272,24.8,9.5,13.4,91.4,38,14.2
Victor Martinez,2018,0.251,0.353,0.297,0.651,0.10199999999999998,0.281,0.267,0.414,0.314,0.143,9.6,6.3,14,87.8,35.3,4.7
Jose Martinez,2018,0.305,0.457,0.363,0.82,0.15200000000000002,0.356,0.309,0.521,0.384,0.209,17.6,8.3,8,90.7,37.5,9.4
J.D. Martinez,2018,0.33,0.629,0.402,1.031,0.299,0.428,0.312,0.621,0.421,0.306,22.5,10.6,10.7,93,40,16
J.D. Martinez,2019,0.304,0.557,0.382,0.939,0.25300000000000006,0.386,0.309,0.579,0.4,0.268,21,11,12.5,91.3,41.9,12
Joe Mauer,2015,0.265,0.38,0.338,0.718,0.11499999999999999,0.31,0.282,0.43,0.34,0.146,16.8,10.1,3.7,89,33.3,3.7
Joe Mauer,2016,0.261,0.389,0.363,0.752,0.128,0.327,0.282,0.447,0.359,0.161,16.1,13.7,3.8,89.7,37,5.7
Joe Mauer,2017,0.305,0.417,0.384,0.801,0.11199999999999999,0.349,0.307,0.476,0.375,0.162,13.9,11.1,5.6,90.2,35.7,4.5
Joe Mauer,2018,0.282,0.379,0.35,0.729,0.09700000000000003,0.319,0.293,0.446,0.351,0.149,15.8,9.4,4.5,90.7,37.4,5
Cameron Maybin,2015,0.267,0.37,0.326,0.696,0.10299999999999998,0.307,0.289,0.381,0.321,0.09,18.4,8.1,1.9,87.7,27.5,2.7
Nomar Mazara,2016,0.266,0.419,0.32,0.739,0.15299999999999997,0.318,0.261,0.425,0.326,0.161,19.7,6.9,8.4,88,32.6,6.8
Nomar Mazara,2017,0.253,0.422,0.323,0.745,0.16899999999999998,0.318,0.249,0.425,0.322,0.172,20.6,8.9,11.3,89,30.5,6.5
Nomar Mazara,2018,0.258,0.436,0.317,0.753,0.178,0.324,0.269,0.452,0.339,0.18,21.6,7.5,5.3,90.5,28.2,8.5
Brian McCann,2015,0.232,0.437,0.32,0.756,0.205,0.327,0.224,0.389,0.309,0.165,18.1,9.7,17.1,89,30.1,5.6
James McCann,2019,0.273,0.46,0.328,0.788,0.187,0.333,0.256,0.445,0.321,0.187,28.8,6.3,10.7,89.9,36,9.2
Andrew McCutchen,2015,0.292,0.488,0.401,0.889,0.196,0.38,0.293,0.526,0.398,0.232,19.4,14.3,13.9,90.7,41.2,9.3
Andrew McCutchen,2016,0.256,0.43,0.336,0.766,0.174,0.329,0.269,0.465,0.35,0.195,21.2,10.2,16.1,89.6,33.8,8.5
Andrew McCutchen,2017,0.279,0.486,0.363,0.849,0.20699999999999996,0.36,0.291,0.493,0.371,0.198,17.8,11.2,14.2,88.4,33.9,7.7
Andrew McCutchen,2018,0.255,0.424,0.368,0.792,0.16899999999999998,0.347,0.263,0.446,0.361,0.181,21.3,13.9,13.4,90.1,36.4,8.4
Ryan McMahon,2019,0.25,0.45,0.328,0.778,0.2,0.33,0.245,0.429,0.322,0.182,29.7,10.4,8.4,91.4,36.6,9
Jeff McNeil,2019,0.318,0.531,0.384,0.916,0.21300000000000002,0.385,0.29,0.472,0.355,0.178,13.2,6.2,13.2,88.4,33.9,4.8
Austin Meadows,2019,0.291,0.558,0.364,0.922,0.26700000000000007,0.38,0.284,0.547,0.372,0.261,22.2,9.1,16.7,90.4,38.1,12.5
Oscar Mercado,2019,0.269,0.443,0.313,0.756,0.174,0.321,0.262,0.403,0.308,0.139,17.4,5.8,13.4,86.5,33.4,4.1
Jordy Mercer,2016,0.256,0.374,0.324,0.697,0.118,0.303,0.259,0.362,0.307,0.099,14.2,8.7,10.1,86.1,29.4,2.2
Jordy Mercer,2017,0.255,0.406,0.326,0.733,0.15100000000000002,0.308,0.264,0.389,0.311,0.119,15.8,9.1,9.2,85.7,35.3,3.1
Whit Merrifield,2017,0.288,0.46,0.324,0.784,0.17200000000000004,0.332,0.289,0.47,0.341,0.177,14,4.6,15.8,87,36.9,5.1
Whit Merrifield,2018,0.304,0.438,0.366,0.805,0.134,0.349,0.28,0.426,0.341,0.144,16.1,8.6,16.6,86.5,41.1,4.6
Whit Merrifield,2019,0.302,0.463,0.348,0.811,0.16100000000000003,0.34,0.288,0.435,0.325,0.145,17.1,6.1,15.3,86.4,42.4,4.3
Brad Miller,2016,0.243,0.482,0.304,0.786,0.239,0.333,0.248,0.44,0.324,0.191,24.8,7.8,11.7,90.3,29.6,9.7
Yadier Molina,2015,0.27,0.35,0.309,0.66,0.07999999999999996,0.287,0.252,0.344,0.281,0.088,11.1,6,10,86.3,33,2.3
Yadier Molina,2016,0.307,0.427,0.36,0.787,0.12,0.342,0.294,0.432,0.342,0.134,10.8,6.7,9.1,87.6,35.7,3.6
Yadier Molina,2017,0.273,0.439,0.311,0.75,0.16599999999999998,0.316,0.273,0.47,0.338,0.191,13.6,5.2,14.5,87.8,35.7,5.9
Yadier Molina,2018,0.261,0.436,0.314,0.75,0.175,0.323,0.269,0.44,0.333,0.166,13.1,5.8,15.4,88.1,37.6,5.5
Yoan Moncada,2018,0.235,0.4,0.314,0.714,0.16500000000000004,0.311,0.219,0.389,0.302,0.168,33.4,10.3,15.1,90.6,36.4,9.6
Yoan Moncada,2019,0.315,0.548,0.367,0.915,0.23300000000000004,0.38,0.291,0.524,0.362,0.231,27.5,7.2,12,92.8,40.4,12.2
Kendrys Morales,2015,0.29,0.485,0.362,0.847,0.195,0.364,0.289,0.504,0.372,0.215,16.1,9.1,10.1,91.8,34.7,8.9
Kendrys Morales,2016,0.263,0.468,0.327,0.795,0.20500000000000002,0.339,0.289,0.556,0.391,0.263,19.4,7.8,11.4,92.7,35,10.8
Kendrys Morales,2017,0.25,0.445,0.308,0.753,0.195,0.32,0.269,0.513,0.357,0.238,21.7,7.1,9.5,91.1,30.8,10
Colin Moran,2019,0.277,0.429,0.322,0.751,0.15199999999999997,0.315,0.262,0.442,0.316,0.178,23.3,6,12.3,88.2,37.7,7.4
Mitch Moreland,2015,0.278,0.482,0.33,0.812,0.20399999999999996,0.348,0.278,0.512,0.361,0.232,21.7,6.2,11.5,91.4,36,10.7
Mitch Moreland,2016,0.233,0.422,0.298,0.72,0.18899999999999997,0.307,0.252,0.472,0.337,0.217,23.5,7,14.7,90.5,33.6,9.6
Mitch Moreland,2017,0.246,0.443,0.326,0.769,0.197,0.326,0.272,0.533,0.374,0.257,20.8,9.9,11.5,89.1,34.9,12
Logan Morrison,2015,0.225,0.383,0.301,0.684,0.158,0.298,0.263,0.432,0.334,0.168,15.9,9.2,10.6,89.1,29.6,6.9
Logan Morrison,2017,0.246,0.516,0.353,0.868,0.27,0.363,0.255,0.513,0.372,0.256,24.8,13.5,17.6,88.6,39.6,12.8
Brandon Moss,2015,0.226,0.407,0.304,0.711,0.18099999999999997,0.308,0.245,0.478,0.343,0.232,28.1,9.3,19.4,89,36.7,12
Mike Moustakas,2015,0.284,0.47,0.345,0.815,0.186,0.353,0.27,0.444,0.342,0.172,12.4,7,14.2,88.6,31.1,6.6
Mike Moustakas,2017,0.272,0.521,0.314,0.835,0.249,0.345,0.265,0.492,0.341,0.221,15.7,5.7,18.3,87.3,34,8.6
Mike Moustakas,2018,0.251,0.459,0.315,0.774,0.20800000000000002,0.329,0.262,0.465,0.338,0.2,16.2,7.7,19.6,89.3,31.3,8.8
Mike Moustakas,2019,0.254,0.516,0.329,0.845,0.262,0.348,0.263,0.505,0.349,0.24,16.8,9.1,17.1,89.3,32.6,10.3
Max Muncy,2019,0.251,0.515,0.374,0.889,0.264,0.373,0.269,0.522,0.385,0.251,25.3,15.3,14.2,89.7,39.8,12.3
Daniel Murphy,2015,0.281,0.449,0.322,0.77,0.16799999999999998,0.325,0.293,0.466,0.339,0.173,7.1,5.8,12.2,90,33.8,5.1
Daniel Murphy,2016,0.347,0.595,0.39,0.985,0.248,0.408,0.328,0.573,0.406,0.242,9.8,6,16.8,90.6,37.1,8.5
Daniel Murphy,2017,0.322,0.543,0.384,0.928,0.22100000000000003,0.385,0.301,0.498,0.367,0.192,13,8.8,17.3,89.6,39.6,4.8
Daniel Murphy,2019,0.279,0.452,0.326,0.778,0.173,0.328,0.25,0.371,0.29,0.117,15.5,6.7,14.8,86.3,36.7,2.4
Wil Myers,2016,0.259,0.461,0.336,0.797,0.202,0.341,0.257,0.433,0.337,0.174,23.7,10.1,10.2,88.6,36.9,7
Wil Myers,2017,0.243,0.464,0.328,0.792,0.22100000000000003,0.335,0.238,0.441,0.333,0.2,27.7,10.8,15.3,89.1,35.3,9.1
Wil Myers,2019,0.239,0.418,0.32,0.739,0.179,0.317,0.241,0.435,0.323,0.193,34.3,10.4,11.1,88.9,32.7,11.2
Mike Napoli,2016,0.239,0.465,0.335,0.8,0.22600000000000003,0.343,0.221,0.47,0.342,0.246,30.1,12.1,18.6,89.6,33.4,13.3
Omar Narvaez,2019,0.278,0.46,0.353,0.813,0.182,0.345,0.254,0.422,0.324,0.165,19.1,9.8,17.8,85.4,40.7,5.3
Kevin Newman,2019,0.308,0.446,0.352,0.798,0.138,0.34,0.291,0.389,0.312,0.095,11.7,5.3,8.1,84.7,33.4,2.1
Brandon Nimmo,2018,0.263,0.483,0.404,0.886,0.21999999999999997,0.385,0.241,0.398,0.352,0.152,26.2,15,10.5,89.5,33.4,6.5
Derek Norris,2015,0.25,0.404,0.305,0.709,0.15400000000000003,0.309,0.227,0.33,0.273,0.102,23.5,6.3,14.1,87.1,31.9,2.3
Eduardo Nunez,2016,0.288,0.432,0.324,0.757,0.14400000000000002,0.324,0.273,0.403,0.313,0.128,14.8,4.9,8.1,88.6,29,4.4
Eduardo Nunez,2018,0.265,0.388,0.289,0.676,0.123,0.292,0.271,0.36,0.289,0.086,13.7,3.2,9.2,88.2,27.2,3.4
Renato Nunez,2019,0.244,0.46,0.311,0.771,0.21600000000000003,0.323,0.252,0.469,0.331,0.216,23.9,7.3,20,89.9,32.1,10.7
Rougned Odor,2016,0.271,0.502,0.296,0.798,0.23099999999999998,0.336,0.262,0.463,0.323,0.198,21.4,3,13.1,88.3,31.6,7.8
Rougned Odor,2017,0.204,0.397,0.252,0.649,0.19300000000000003,0.272,0.234,0.41,0.296,0.173,24.9,4.9,15.2,88.4,27.4,6
Rougned Odor,2018,0.253,0.424,0.325,0.749,0.17099999999999999,0.325,0.247,0.41,0.319,0.16,23.7,8,11.7,87.8,30.5,7.1
Rougned Odor,2019,0.205,0.439,0.282,0.721,0.234,0.302,0.229,0.468,0.322,0.239,30.6,9,16.2,89.4,30.6,13.6
Matt Olson,2018,0.247,0.453,0.335,0.788,0.20600000000000002,0.34,0.25,0.492,0.355,0.24,24.7,10.6,17.8,93.1,35.1,12.2
Matt Olson,2019,0.267,0.545,0.351,0.896,0.278,0.368,0.276,0.576,0.386,0.296,25.2,9.3,18.3,91.9,36.4,14.5
David Ortiz,2015,0.273,0.553,0.36,0.913,0.28,0.379,0.303,0.615,0.416,0.312,15.5,12.5,15.6,92.9,35.1,13.1
David Ortiz,2016,0.315,0.62,0.401,1.021,0.305,0.42,0.31,0.631,0.428,0.318,13.7,12.8,16.7,92.9,40.2,15.3
Chris Owings,2015,0.227,0.322,0.261,0.583,0.095,0.255,0.24,0.332,0.267,0.091,26.1,4.7,11.8,84.9,33.1,2.6
Marcell Ozuna,2016,0.266,0.452,0.321,0.773,0.186,0.33,0.278,0.466,0.344,0.185,18.9,7.1,10.8,90.7,32.5,7.8
Marcell Ozuna,2017,0.312,0.548,0.376,0.924,0.23600000000000004,0.388,0.287,0.519,0.372,0.228,21.2,9.4,10.1,90.7,31.2,9.3
Marcell Ozuna,2018,0.28,0.433,0.325,0.758,0.15299999999999997,0.327,0.291,0.499,0.359,0.206,17.5,6.1,10.8,91.5,30.5,9.7
Marcell Ozuna,2019,0.241,0.472,0.328,0.8,0.23099999999999998,0.336,0.288,0.548,0.382,0.257,20.8,11.3,13.5,91.8,33.6,12.6
Angel Pagan,2015,0.262,0.332,0.303,0.635,0.07,0.28,0.265,0.345,0.291,0.077,16.9,5.8,11.1,86.3,34.6,0.9
Angel Pagan,2016,0.277,0.418,0.33,0.748,0.14099999999999996,0.324,0.293,0.396,0.328,0.101,12.2,7.7,12.2,85.6,37.3,3
Joe Panik,2016,0.239,0.379,0.314,0.693,0.14,0.3,0.261,0.403,0.325,0.141,8.9,9.5,12.1,86.1,32.5,4.7
Joe Panik,2017,0.288,0.421,0.346,0.766,0.133,0.329,0.261,0.384,0.315,0.116,9.4,8,11.3,84.5,33.1,2.6
Joe Panik,2019,0.244,0.336,0.314,0.649,0.09200000000000003,0.284,0.251,0.373,0.304,0.118,9.6,8.8,12.3,86.3,33.8,2
Gerardo Parra,2015,0.291,0.452,0.326,0.778,0.16100000000000003,0.334,0.283,0.412,0.32,0.128,15.6,4.8,8.2,86.9,33.6,3.2
Joc Pederson,2015,0.21,0.417,0.345,0.762,0.207,0.335,0.221,0.431,0.345,0.209,29.1,15.7,13.5,90.5,28.7,11.8
Joc Pederson,2019,0.249,0.538,0.339,0.876,0.28900000000000003,0.362,0.254,0.477,0.347,0.221,21.6,9.7,15.3,90.9,31.7,10.3
Dustin Pedroia,2016,0.318,0.449,0.375,0.824,0.131,0.358,0.29,0.406,0.338,0.113,10.5,8.7,8.4,88.5,35.5,2.5
Hunter Pence,2017,0.26,0.385,0.315,0.701,0.125,0.303,0.269,0.438,0.331,0.163,18.9,7.4,4.4,89,25.3,5.8
Jhonny Peralta,2015,0.275,0.411,0.334,0.745,0.13599999999999995,0.322,0.273,0.431,0.331,0.158,17.3,7.8,12.9,88.1,36.5,5.1
David Peralta,2015,0.312,0.522,0.371,0.893,0.21000000000000002,0.38,0.287,0.454,0.353,0.165,20.7,8.5,5.9,91.3,35.4,7.7
David Peralta,2017,0.293,0.444,0.352,0.796,0.15100000000000002,0.342,0.267,0.403,0.322,0.131,16.3,7.5,4.2,88,27,4.1
David Peralta,2018,0.293,0.516,0.352,0.868,0.22300000000000003,0.368,0.279,0.473,0.35,0.191,20.2,7.8,6.7,91.5,32.9,7.8
Jose Peraza,2017,0.259,0.324,0.295,0.62,0.065,0.273,0.297,0.378,0.314,0.076,13.5,3.9,9.9,81.9,32.3,1.7
Jose Peraza,2018,0.288,0.416,0.322,0.738,0.128,0.319,0.284,0.387,0.309,0.099,11,4.2,13.4,83.9,38.2,2.5
Salvador Perez,2015,0.26,0.426,0.28,0.706,0.16599999999999998,0.3,0.27,0.413,0.303,0.143,14.8,2.4,13.4,87.3,34.6,5.3
Salvador Perez,2016,0.247,0.438,0.288,0.725,0.191,0.308,0.238,0.399,0.293,0.158,21.8,4,19.1,88.8,29.7,6.3
Salvador Perez,2018,0.235,0.439,0.274,0.713,0.20400000000000001,0.304,0.26,0.48,0.334,0.218,19.9,3.1,18,91.2,35.4,10.8
Jace Peterson,2015,0.239,0.335,0.31,0.645,0.09600000000000003,0.287,0.254,0.36,0.304,0.105,20.1,9.4,7.8,85.1,33.7,3.3
Tommy Pham,2017,0.306,0.52,0.409,0.93,0.21400000000000002,0.398,0.293,0.497,0.39,0.198,22.1,13.4,6.5,89.2,34.3,9.3
Tommy Pham,2018,0.275,0.464,0.367,0.83,0.189,0.359,0.292,0.508,0.382,0.213,24.6,11.8,6.7,92.8,38.7,10.1
Tommy Pham,2019,0.273,0.45,0.369,0.818,0.177,0.349,0.277,0.462,0.357,0.181,18.8,12.4,5.1,90.8,29.7,7.9
Brandon Phillips,2015,0.294,0.395,0.327,0.722,0.10100000000000003,0.315,0.294,0.39,0.316,0.095,10.9,4.3,10.2,86,32.8,2.3
Brandon Phillips,2016,0.291,0.416,0.318,0.735,0.125,0.315,0.264,0.377,0.294,0.109,11.6,3.1,9.6,86.1,35.5,2.7
Brandon Phillips,2017,0.285,0.416,0.318,0.734,0.131,0.316,0.273,0.389,0.307,0.109,12.1,3.5,8,84.5,31.9,2.4
Kevin Pillar,2015,0.278,0.399,0.312,0.711,0.121,0.31,0.273,0.362,0.297,0.088,13.5,4.5,12.2,84.5,28.8,1.8
Kevin Pillar,2016,0.266,0.376,0.301,0.677,0.10999999999999999,0.295,0.266,0.367,0.295,0.099,15.4,4.1,10.4,86.2,28,3
Kevin Pillar,2017,0.256,0.404,0.299,0.703,0.14800000000000002,0.302,0.267,0.4,0.313,0.129,15,5.2,12.8,85.5,33.3,3.4
Kevin Pillar,2018,0.252,0.426,0.282,0.708,0.174,0.302,0.28,0.432,0.32,0.15,18.1,3.3,16.5,87.1,39.3,5.7
Kevin Pillar,2019,0.259,0.432,0.287,0.719,0.173,0.298,0.263,0.407,0.295,0.142,13.8,2.8,13.9,86,33.1,4.9
Stephen Piscotty,2016,0.273,0.457,0.342,0.799,0.184,0.345,0.27,0.468,0.351,0.195,20.5,7.9,13.4,88.1,33.6,8.6
Stephen Piscotty,2018,0.267,0.491,0.331,0.821,0.22399999999999998,0.351,0.266,0.488,0.354,0.219,18.8,6.9,13.1,88.5,34.6,9.6
Trevor Plouffe,2015,0.244,0.435,0.307,0.742,0.191,0.321,0.256,0.446,0.331,0.19,19.6,7.9,13.1,89.4,33.7,7.9
Gregory Polanco,2015,0.256,0.381,0.319,0.7,0.125,0.304,0.272,0.4,0.319,0.127,18.6,8.4,9.8,89,31.6,4.4
Gregory Polanco,2016,0.258,0.463,0.322,0.785,0.20500000000000002,0.331,0.279,0.449,0.343,0.168,20.3,9,13.5,89.6,35.7,6.3
Jorge Polanco,2017,0.256,0.41,0.309,0.719,0.15399999999999997,0.309,0.256,0.379,0.306,0.119,14.3,7.5,14.8,83.6,31.4,2.6
Gregory Polanco,2018,0.254,0.499,0.338,0.837,0.245,0.353,0.248,0.448,0.342,0.197,21.9,11.4,19.9,88.6,34.2,9.4
Jorge Polanco,2019,0.295,0.485,0.355,0.84,0.19,0.352,0.279,0.469,0.344,0.188,16.5,8.5,17.9,87,41.8,6.7
A.J. Pollock,2015,0.315,0.498,0.367,0.865,0.183,0.371,0.316,0.467,0.36,0.15,13.2,7.9,8.4,88.5,31.6,5.9
Buster Posey,2015,0.318,0.47,0.379,0.849,0.15199999999999997,0.363,0.31,0.498,0.374,0.187,8.3,9,10.9,89,34.8,6.3
Buster Posey,2016,0.288,0.434,0.362,0.796,0.14600000000000002,0.341,0.293,0.49,0.368,0.194,11.1,10.4,9.8,90.5,33.6,7.1
Buster Posey,2017,0.32,0.462,0.4,0.861,0.14200000000000002,0.366,0.282,0.452,0.355,0.164,11.6,10.7,11.6,88.7,36.5,3.5
Martin Prado,2015,0.288,0.394,0.338,0.732,0.10600000000000004,0.317,0.29,0.387,0.323,0.096,12.3,6.7,8.8,88.9,34.2,2.3
Martin Prado,2016,0.305,0.417,0.359,0.775,0.11199999999999999,0.335,0.298,0.387,0.328,0.085,10.5,7.4,8.9,87.9,32.5,1.3
Jurickson Profar,2018,0.254,0.458,0.335,0.793,0.20400000000000001,0.341,0.257,0.397,0.325,0.137,14.8,9.1,12.3,87.3,33.6,5
Jurickson Profar,2019,0.218,0.41,0.301,0.711,0.19199999999999998,0.301,0.251,0.426,0.323,0.172,14.5,9.3,14.2,86.7,30.2,6.2
Yasiel Puig,2017,0.263,0.487,0.346,0.833,0.22399999999999998,0.349,0.275,0.496,0.366,0.216,17.5,11.2,10.6,88.4,27.5,9.4
Yasiel Puig,2019,0.267,0.458,0.327,0.785,0.191,0.33,0.266,0.464,0.334,0.196,21.8,7.2,14.2,89.9,31.2,9.6
Albert Pujols,2015,0.244,0.48,0.307,0.787,0.236,0.333,0.271,0.486,0.347,0.213,10.9,7.6,13.8,90.6,29.6,7.9
Albert Pujols,2016,0.268,0.457,0.323,0.78,0.189,0.331,0.285,0.53,0.372,0.24,11.5,7.5,12,91.5,32.4,9.5
Albert Pujols,2017,0.241,0.386,0.286,0.672,0.14500000000000002,0.286,0.261,0.45,0.323,0.182,14.6,5.8,13.4,88.7,31.9,5.4
Albert Pujols,2019,0.244,0.43,0.305,0.734,0.186,0.308,0.253,0.433,0.319,0.175,12.5,7.9,12.4,88.3,26.7,6
Aramis Ramirez,2015,0.246,0.423,0.297,0.72,0.177,0.309,0.249,0.412,0.307,0.162,13.2,6,15.8,87.4,34.5,5.6
Alexei Ramirez,2015,0.249,0.357,0.285,0.641,0.10799999999999998,0.279,0.259,0.336,0.28,0.076,10.9,5,8.4,84.6,33.5,1.5
Hanley Ramirez,2016,0.286,0.505,0.361,0.866,0.21900000000000003,0.367,0.274,0.479,0.357,0.202,19.4,9.7,9.1,90.4,30.5,10.4
Alexei Ramirez,2016,0.241,0.333,0.277,0.609,0.09200000000000003,0.264,0.24,0.3,0.256,0.056,12.5,4.2,8.9,84.3,31.1,0.5
Jose Ramirez,2016,0.312,0.462,0.362,0.824,0.15000000000000002,0.355,0.29,0.418,0.335,0.125,10,7.1,12.9,88,35.4,3
Hanley Ramirez,2017,0.242,0.429,0.32,0.75,0.187,0.318,0.269,0.492,0.355,0.217,21,9.2,12.5,88.4,35.3,9.5
Jose Ramirez,2017,0.318,0.583,0.374,0.957,0.26499999999999996,0.397,0.302,0.487,0.363,0.182,10.7,8.1,14.8,88,35.5,5
Jose Ramirez,2018,0.27,0.552,0.387,0.939,0.28200000000000003,0.392,0.266,0.474,0.366,0.206,11.5,15.2,18.8,88.9,34.7,8.5
Jose Ramirez,2019,0.255,0.479,0.327,0.806,0.22399999999999998,0.335,0.274,0.465,0.342,0.19,13.7,9.6,19.8,89.1,32.6,6.3
Wilson Ramos,2015,0.229,0.358,0.258,0.616,0.12899999999999998,0.264,0.255,0.42,0.302,0.163,20,4.2,4.5,90.5,30.6,6.5
Wilson Ramos,2016,0.307,0.496,0.354,0.85,0.189,0.361,0.286,0.493,0.358,0.201,15.1,6.7,4.8,90.7,33.4,7.6
Wilson Ramos,2019,0.288,0.416,0.351,0.768,0.128,0.327,0.263,0.402,0.311,0.135,13.2,8.4,0,90,26,4.7
J.T. Realmuto,2016,0.303,0.428,0.343,0.771,0.125,0.333,0.278,0.4,0.317,0.119,18.3,5.1,9.8,88.6,28.6,4.1
J.T. Realmuto,2017,0.278,0.451,0.332,0.783,0.173,0.332,0.284,0.45,0.341,0.162,18.3,6.2,9.9,88.2,32.9,6.3
J.T. Realmuto,2018,0.277,0.484,0.339,0.823,0.20699999999999996,0.353,0.278,0.478,0.354,0.198,19.6,7.2,14.4,88.9,39.8,9
J.T. Realmuto,2019,0.275,0.493,0.327,0.82,0.21799999999999997,0.34,0.278,0.474,0.342,0.192,20.7,6.9,14.4,90.3,35,8.7
Josh Reddick,2015,0.272,0.449,0.33,0.779,0.177,0.338,0.284,0.43,0.337,0.146,11.2,8.4,14.7,88.4,32.8,5
Josh Reddick,2017,0.314,0.484,0.357,0.842,0.16999999999999998,0.357,0.296,0.448,0.348,0.149,13.3,8,17.5,87.2,38.5,3.8
Josh Reddick,2019,0.275,0.409,0.316,0.726,0.13399999999999995,0.308,0.277,0.397,0.313,0.118,12,6.5,15.6,86,36.6,3.4
Anthony Rendon,2016,0.27,0.45,0.348,0.797,0.18,0.342,0.276,0.459,0.355,0.181,18.1,10,16.9,90.8,35.8,5.9
Anthony Rendon,2017,0.301,0.533,0.403,0.937,0.23200000000000004,0.394,0.286,0.494,0.382,0.205,13.6,13.9,18,89.8,35.2,6.5
Anthony Rendon,2018,0.308,0.535,0.374,0.909,0.22700000000000004,0.383,0.307,0.548,0.389,0.238,13.7,9.2,17.7,90.6,39.8,10.3
Anthony Rendon,2019,0.319,0.598,0.412,1.01,0.27899999999999997,0.413,0.319,0.599,0.418,0.279,13.3,12.4,19.5,90.4,38.7,12
Hunter Renfroe,2019,0.216,0.489,0.289,0.778,0.273,0.32,0.218,0.451,0.311,0.23,31.2,9.3,19.1,89.9,32.2,12
Ben Revere,2015,0.306,0.377,0.339,0.716,0.07100000000000001,0.315,0.299,0.355,0.307,0.054,10.1,5,3.9,82.1,35.1,0
Jose Reyes,2015,0.274,0.378,0.304,0.683,0.10399999999999998,0.3,0.257,0.31,0.272,0.052,11.9,5,11.5,83.1,28.5,0.2
Jose Reyes,2017,0.246,0.413,0.312,0.725,0.16699999999999998,0.312,0.242,0.355,0.297,0.108,14.1,8.9,14.6,83.5,32.8,2.6
Franmil Reyes,2019,0.249,0.512,0.31,0.822,0.263,0.338,0.264,0.539,0.36,0.273,28.5,8.6,9.5,93.3,33.3,14.8
Mark Reynolds,2017,0.267,0.487,0.352,0.839,0.21999999999999997,0.358,0.221,0.422,0.321,0.195,29.5,11.6,11.9,87.1,36.5,8.3
Bryan Reynolds,2019,0.314,0.503,0.377,0.88,0.189,0.371,0.296,0.476,0.357,0.179,22.2,8.4,9.4,89.6,37.5,6.7
Anthony Rizzo,2015,0.278,0.512,0.387,0.899,0.23399999999999999,0.384,0.276,0.497,0.38,0.221,15,11.1,17.3,88.4,35.7,8
Anthony Rizzo,2016,0.292,0.544,0.385,0.928,0.25200000000000006,0.391,0.268,0.486,0.365,0.216,16,10.9,16.4,89,32.6,9.2
Anthony Rizzo,2017,0.273,0.507,0.392,0.899,0.23399999999999999,0.38,0.279,0.517,0.394,0.233,13,13.2,15.3,88.1,34.2,9.3
Anthony Rizzo,2018,0.283,0.47,0.376,0.846,0.187,0.359,0.291,0.469,0.366,0.175,12,10.5,14.4,89.9,36.2,6.5
Anthony Rizzo,2019,0.293,0.52,0.405,0.924,0.22700000000000004,0.39,0.3,0.497,0.39,0.195,14,11.6,12.4,88.8,37.1,7
Victor Robles,2019,0.255,0.419,0.323,0.742,0.16399999999999998,0.317,0.233,0.37,0.292,0.134,22.7,5.7,14.5,81,34.5,4.8
Alex Rodriguez,2015,0.25,0.486,0.356,0.842,0.236,0.361,0.249,0.493,0.363,0.243,23.4,13.5,12.1,91.3,31.7,10.9
Miguel Rojas,2018,0.252,0.346,0.295,0.642,0.09399999999999997,0.281,0.263,0.349,0.289,0.082,13.1,4.5,8.9,84.1,35.4,0.9
Miguel Rojas,2019,0.284,0.379,0.331,0.71,0.09500000000000003,0.305,0.275,0.373,0.303,0.095,11.8,6.1,8.8,87.1,31.9,2.6
Jimmy Rollins,2015,0.224,0.358,0.284,0.642,0.13399999999999998,0.283,0.232,0.332,0.279,0.1,15.3,7.8,14.8,84.5,32.3,2.5
Eddie Rosario,2017,0.29,0.507,0.326,0.833,0.21700000000000003,0.349,0.268,0.482,0.335,0.208,18,5.9,12.7,86.6,32.4,7.4
Eddie Rosario,2018,0.288,0.479,0.323,0.802,0.191,0.34,0.247,0.428,0.303,0.178,17.6,5.1,17.4,87.3,33,8.3
Amed Rosario,2018,0.256,0.381,0.294,0.675,0.125,0.29,0.26,0.37,0.291,0.106,20.1,4.9,7.2,87.3,32.7,3.9
Eddie Rosario,2019,0.276,0.5,0.3,0.8,0.22399999999999998,0.329,0.269,0.501,0.33,0.23,14.6,3.7,16.7,89.1,33.4,8.5
Amed Rosario,2019,0.287,0.432,0.322,0.754,0.14500000000000002,0.318,0.291,0.423,0.32,0.13,18.9,4.7,8.8,89.2,35.6,4.2
Addison Russell,2015,0.242,0.389,0.306,0.695,0.14700000000000002,0.304,0.213,0.338,0.272,0.123,28.5,8,14.2,85.9,34.3,5.2
Addison Russell,2016,0.238,0.417,0.321,0.738,0.179,0.316,0.241,0.42,0.322,0.177,22.6,9.2,15.2,87.2,32.3,9.3
Yolmer Sanchez,2017,0.267,0.413,0.315,0.728,0.14599999999999996,0.313,0.245,0.363,0.292,0.112,20.8,6.6,9.3,83.8,32.6,3.4
Gary Sanchez,2017,0.278,0.531,0.345,0.876,0.253,0.368,0.292,0.547,0.389,0.251,22.9,7.6,13.2,90.8,33.5,11.8
Yolmer Sanchez,2018,0.242,0.372,0.305,0.677,0.13,0.297,0.24,0.346,0.289,0.104,20.8,7.4,8.5,85.6,35.1,3
Yolmer Sanchez,2019,0.252,0.321,0.314,0.634,0.069,0.281,0.237,0.32,0.276,0.08,21.1,7.9,12.8,85.6,32.1,1
Pablo Sandoval,2015,0.245,0.366,0.291,0.657,0.121,0.288,0.231,0.355,0.28,0.122,14.5,5,9.5,88,29.3,4.8
Carlos Santana,2015,0.231,0.395,0.357,0.752,0.164,0.33,0.244,0.407,0.342,0.162,18.3,16.2,12.3,89,27.9,7.2
Carlos Santana,2016,0.259,0.498,0.366,0.865,0.239,0.37,0.273,0.512,0.385,0.235,14.4,14.4,14.1,90.7,29.5,9.8
Carlos Santana,2017,0.259,0.455,0.363,0.818,0.196,0.35,0.266,0.472,0.364,0.201,14.1,13.2,12.7,88.4,28.4,7.5
Domingo Santana,2017,0.278,0.505,0.371,0.875,0.22699999999999998,0.372,0.275,0.479,0.369,0.198,29.3,12,10.5,89.3,40.9,9.7
Carlos Santana,2018,0.229,0.414,0.352,0.766,0.18499999999999997,0.333,0.245,0.42,0.346,0.172,13.7,16.2,15.1,88.8,30.5,7.2
Carlos Santana,2019,0.281,0.515,0.397,0.911,0.23399999999999999,0.38,0.268,0.485,0.367,0.213,15.7,15.7,11.8,91.8,29.1,9.6
Danny Santana,2019,0.283,0.534,0.323,0.857,0.25100000000000006,0.352,0.275,0.496,0.338,0.219,29.5,4.9,13.5,91.4,37.8,9.5
Domingo Santana,2019,0.253,0.441,0.327,0.769,0.188,0.326,0.257,0.492,0.347,0.233,32.3,9.9,11.7,89,41.2,12.5
Michael Saunders,2016,0.253,0.478,0.337,0.814,0.22499999999999998,0.348,0.239,0.42,0.325,0.18,28.1,10.6,10.7,89.6,34.1,8.3
Scott Schebler,2017,0.233,0.484,0.307,0.791,0.251,0.33,0.264,0.499,0.356,0.229,23.5,7.3,11.3,88.8,30,10.2
Jonathan Schoop,2016,0.267,0.454,0.298,0.752,0.187,0.32,0.263,0.416,0.31,0.151,21.2,3.2,12,87.4,30.1,6.7
Jonathan Schoop,2017,0.293,0.503,0.338,0.841,0.21000000000000002,0.355,0.272,0.444,0.336,0.167,21,5.2,12.9,87.7,35.5,6.8
Kyle Schwarber,2018,0.238,0.467,0.355,0.822,0.22900000000000004,0.343,0.247,0.473,0.35,0.224,27.5,15.3,11.5,90,34,12.7
Kyle Schwarber,2019,0.25,0.531,0.339,0.871,0.281,0.357,0.267,0.553,0.375,0.284,25.6,11.5,15,92.7,35.6,14.5
Kyle Seager,2015,0.266,0.451,0.328,0.779,0.185,0.334,0.286,0.471,0.355,0.183,14.3,7.9,16.4,88.9,36.9,7
Kyle Seager,2016,0.278,0.499,0.359,0.859,0.22099999999999997,0.363,0.293,0.516,0.38,0.22,16,10.2,16.5,90.1,37.1,9.2
Corey Seager,2016,0.308,0.512,0.365,0.877,0.20400000000000001,0.372,0.304,0.519,0.378,0.212,19.4,7.9,10.2,91,37.9,8.3
Kyle Seager,2017,0.249,0.45,0.323,0.773,0.201,0.327,0.263,0.487,0.353,0.221,16.9,8.9,20.2,87.8,35.4,8.6
Corey Seager,2017,0.295,0.479,0.375,0.854,0.184,0.364,0.299,0.522,0.387,0.22,21.4,10.9,11.1,89.7,40.4,8.5
Kyle Seager,2018,0.221,0.4,0.273,0.673,0.17900000000000002,0.288,0.247,0.416,0.308,0.167,21.9,6,18.4,89.7,37,5.6
Corey Seager,2019,0.272,0.483,0.335,0.817,0.21099999999999997,0.34,0.261,0.464,0.332,0.199,18.1,8.1,14.1,88.8,35.4,7.3
Jean Segura,2015,0.257,0.336,0.279,0.615,0.07900000000000001,0.268,0.256,0.33,0.267,0.072,15.9,2.2,4,86.5,26.1,1.3
Jean Segura,2016,0.319,0.499,0.366,0.865,0.18,0.371,0.302,0.481,0.36,0.176,14.6,5.6,6.9,88.2,31.5,5.9
Jean Segura,2017,0.3,0.427,0.348,0.776,0.127,0.334,0.283,0.416,0.327,0.127,14.7,6,6.6,87.4,32.8,3.2
Jean Segura,2018,0.304,0.415,0.339,0.753,0.11099999999999999,0.327,0.283,0.401,0.315,0.114,10.9,5.1,7.4,87,30,3.6
Jean Segura,2019,0.28,0.42,0.322,0.742,0.13999999999999996,0.315,0.278,0.406,0.314,0.125,11.8,4.9,7,88,31,3.2
Marcus Semien,2015,0.257,0.405,0.309,0.714,0.14800000000000002,0.311,0.252,0.391,0.306,0.138,22,7,13.4,87,38,4.5
Marcus Semien,2016,0.238,0.435,0.3,0.734,0.197,0.315,0.23,0.412,0.305,0.179,22.4,8.2,15.1,87.8,32.5,6.7
Marcus Semien,2018,0.255,0.388,0.317,0.705,0.133,0.308,0.245,0.38,0.304,0.132,18.6,8.7,15.3,86.6,35.1,4.5
Marcus Semien,2019,0.285,0.522,0.369,0.892,0.23700000000000004,0.373,0.275,0.495,0.362,0.217,13.7,11.6,14.7,88.8,34.7,8.5
Travis Shaw,2016,0.242,0.421,0.306,0.726,0.179,0.31,0.233,0.418,0.308,0.183,25.1,8.1,16.1,88.5,34.2,8
Travis Shaw,2017,0.273,0.513,0.348,0.861,0.24,0.361,0.251,0.442,0.333,0.186,22.8,9.9,14.6,88.3,34.4,7.2
Travis Shaw,2018,0.241,0.48,0.344,0.824,0.239,0.351,0.242,0.459,0.347,0.214,18.4,13.3,16.6,88.4,31.2,10.3
Andrelton Simmons,2015,0.265,0.338,0.321,0.659,0.07300000000000001,0.29,0.284,0.362,0.31,0.076,8.2,6.7,2.9,85.8,28.6,1
Andrelton Simmons,2017,0.278,0.421,0.331,0.752,0.14299999999999996,0.323,0.269,0.388,0.315,0.115,10.4,7.3,7.6,85.9,31.3,2.5
Andrelton Simmons,2018,0.292,0.417,0.337,0.754,0.125,0.326,0.288,0.403,0.324,0.112,7.3,5.8,7.7,87.8,28.5,4.1
Mallex Smith,2018,0.296,0.406,0.362,0.768,0.11000000000000004,0.34,0.27,0.352,0.311,0.077,18,8.6,2.6,84,32.5,1.5
Mallex Smith,2019,0.227,0.335,0.299,0.634,0.10800000000000001,0.278,0.219,0.297,0.265,0.074,24.9,7.4,7.2,84.3,29.6,2.2
Justin Smoak,2017,0.27,0.529,0.355,0.883,0.259,0.371,0.275,0.572,0.393,0.292,20.1,11.5,17,89.7,39.6,13.6
Justin Smoak,2018,0.242,0.457,0.35,0.808,0.21500000000000002,0.349,0.222,0.436,0.335,0.211,26.3,14,14.9,89.5,36.9,10.8
Justin Smoak,2019,0.208,0.406,0.342,0.748,0.19800000000000004,0.323,0.25,0.495,0.366,0.244,21.2,15.8,16.8,90.3,37.5,11
Yangervis Solarte,2015,0.27,0.428,0.319,0.746,0.15799999999999997,0.324,0.257,0.368,0.301,0.11,9.8,6,11.4,87.7,29.3,2.1
Yangervis Solarte,2017,0.255,0.416,0.314,0.731,0.16099999999999998,0.311,0.248,0.391,0.307,0.135,11.9,7.2,14.5,85.5,31.8,3.9
Yangervis Solarte,2018,0.226,0.378,0.277,0.655,0.152,0.284,0.254,0.394,0.304,0.135,14.2,6.1,13.9,87,30,4.5
Jorge Soler,2019,0.265,0.569,0.352,0.921,0.30399999999999994,0.378,0.277,0.593,0.392,0.314,26.2,10.8,15.4,92.6,34.7,16.9
Juan Soto,2019,0.282,0.548,0.401,0.949,0.26600000000000007,0.394,0.285,0.576,0.407,0.288,20,16.4,12,91.3,36.3,12.3
Steven Souza Jr.,2017,0.239,0.459,0.35,0.809,0.22000000000000003,0.348,0.241,0.453,0.351,0.208,29,13.6,10.9,88,33.7,11.5
Denard Span,2016,0.266,0.381,0.328,0.709,0.11499999999999999,0.311,0.288,0.391,0.329,0.099,12.4,8.3,5.4,84.7,30.1,2.8
Denard Span,2017,0.272,0.427,0.328,0.755,0.15499999999999997,0.325,0.283,0.412,0.331,0.123,12.7,7.4,10.3,84.6,34.2,3.3
George Springer,2016,0.261,0.457,0.359,0.815,0.196,0.353,0.257,0.461,0.355,0.201,23.9,11.8,8.6,89.3,32.3,10.5
George Springer,2017,0.283,0.522,0.366,0.888,0.23900000000000005,0.376,0.298,0.537,0.393,0.235,17.6,10.2,9.4,89.3,31.5,9.3
George Springer,2018,0.265,0.434,0.344,0.777,0.16899999999999998,0.34,0.255,0.458,0.345,0.2,19.7,10.3,9.5,88.6,30.1,8.9
George Springer,2019,0.292,0.591,0.383,0.974,0.299,0.401,0.287,0.578,0.398,0.288,20.3,12.1,10.3,89.8,33,14.3
Giancarlo Stanton,2017,0.281,0.631,0.376,1.007,0.35,0.411,0.276,0.586,0.401,0.306,23.6,12.3,11.1,91.9,31.6,17.4
Giancarlo Stanton,2018,0.266,0.509,0.343,0.852,0.243,0.36,0.247,0.473,0.344,0.224,29.9,9.9,11.6,93.7,30,15.1
Trevor Story,2017,0.239,0.457,0.308,0.765,0.21800000000000003,0.323,0.219,0.409,0.301,0.187,34.4,8.8,18.8,88.9,37.1,10.5
Trevor Story,2018,0.291,0.567,0.348,0.914,0.27599999999999997,0.384,0.263,0.508,0.353,0.242,25.6,7.2,15.7,90.8,38.2,12.7
Trevor Story,2019,0.294,0.554,0.363,0.917,0.26000000000000006,0.38,0.264,0.463,0.339,0.198,26.5,8.8,17.3,90.9,36.5,8.6
Eugenio Suarez,2016,0.248,0.411,0.317,0.728,0.16299999999999998,0.316,0.235,0.398,0.31,0.16,24.7,8.1,15.7,86.6,38.3,6.5
Eugenio Suarez,2017,0.26,0.461,0.367,0.828,0.201,0.356,0.261,0.444,0.358,0.18,23.3,13.3,14.7,86.2,39,6.9
Eugenio Suarez,2018,0.283,0.526,0.366,0.892,0.24300000000000005,0.377,0.277,0.517,0.375,0.236,23.4,10.6,14.7,91.2,38.6,9.7
Eugenio Suarez,2019,0.271,0.572,0.358,0.93,0.30099999999999993,0.381,0.248,0.503,0.355,0.253,28.5,10.6,17.8,89.4,39.3,14
Dansby Swanson,2017,0.232,0.324,0.312,0.636,0.092,0.276,0.245,0.345,0.297,0.095,21.8,10.7,8.4,86.8,31.2,3
Dansby Swanson,2018,0.238,0.395,0.3,0.696,0.15700000000000003,0.293,0.229,0.359,0.278,0.127,22.9,8.3,12.9,86.8,32.1,4.1
Dansby Swanson,2019,0.251,0.422,0.325,0.747,0.17099999999999999,0.317,0.271,0.48,0.347,0.206,22.8,9.4,14.2,89.8,36.7,10.1
Michael A. Taylor,2015,0.229,0.358,0.282,0.64,0.12899999999999998,0.274,0.245,0.39,0.293,0.144,30.9,6.8,7.6,86.3,33.4,6.3
Chris Taylor,2017,0.288,0.496,0.354,0.85,0.20800000000000002,0.361,0.282,0.463,0.354,0.177,25,8.8,11.8,86.8,39.9,7.8
Chris Taylor,2018,0.254,0.444,0.331,0.775,0.19,0.335,0.247,0.417,0.327,0.168,29.5,9.1,16.4,88.6,40.6,8.6
Eric Thames,2017,0.247,0.518,0.359,0.877,0.271,0.37,0.226,0.453,0.343,0.225,29.6,13.6,12.7,88.1,36.3,11.1
Yasmany Tomas,2016,0.272,0.508,0.313,0.82,0.236,0.345,0.28,0.494,0.349,0.212,24.2,5.5,9.8,90.6,33.9,10.6
Gleyber Torres,2019,0.278,0.535,0.336,0.871,0.257,0.359,0.262,0.497,0.341,0.233,21.4,7.9,17.4,89,38.2,10.1
Mike Trout,2015,0.299,0.59,0.402,0.991,0.291,0.415,0.31,0.594,0.423,0.283,23.2,13.5,14,92.9,39.6,16.4
Mike Trout,2016,0.315,0.55,0.441,0.991,0.23500000000000004,0.418,0.311,0.575,0.43,0.262,20.1,17,12.9,90.8,38.4,14.6
Mike Trout,2017,0.306,0.629,0.442,1.071,0.323,0.437,0.297,0.593,0.43,0.294,17.8,18.5,18,88.8,36.4,13.3
Mike Trout,2018,0.312,0.628,0.459,1.087,0.316,0.447,0.295,0.597,0.432,0.3,20.4,20.1,18.6,91.2,41,16.5
Mike Trout,2019,0.291,0.645,0.438,1.083,0.35400000000000004,0.436,0.311,0.669,0.455,0.357,20,18.3,22.2,90.7,44.1,18.6
Mark Trumbo,2015,0.262,0.449,0.31,0.759,0.187,0.327,0.258,0.445,0.324,0.186,24.2,6.6,13,91.9,31.6,9.8
Mark Trumbo,2016,0.256,0.533,0.316,0.85,0.277,0.358,0.275,0.555,0.376,0.279,25.5,7.6,14.7,92.7,32.5,15.8
Mark Trumbo,2017,0.234,0.397,0.289,0.686,0.163,0.295,0.236,0.399,0.301,0.159,24.7,7,12.6,89.6,26.8,7.1
Troy Tulowitzki,2015,0.28,0.44,0.337,0.777,0.15999999999999998,0.335,0.259,0.415,0.316,0.156,21.3,7.1,12.6,89.8,31.6,5.3
Troy Tulowitzki,2016,0.254,0.443,0.318,0.761,0.189,0.327,0.266,0.492,0.355,0.224,18.6,7.9,13.9,90,33.7,9.6
Justin Turner,2016,0.275,0.493,0.339,0.832,0.21799999999999997,0.353,0.275,0.483,0.357,0.205,17.2,7.7,16.8,90.5,37.4,8.8
Justin Turner,2017,0.322,0.53,0.414,0.944,0.20800000000000002,0.4,0.304,0.555,0.407,0.248,10.3,10.9,18.3,89.3,38.4,8.6
Trea Turner,2018,0.271,0.416,0.343,0.759,0.14499999999999996,0.331,0.282,0.421,0.337,0.135,17.8,9.3,8.3,87.8,29,5.8
Justin Turner,2019,0.29,0.509,0.372,0.881,0.21900000000000003,0.37,0.288,0.517,0.378,0.228,16,9.3,17.6,90.2,38.9,7.8
Trea Turner,2019,0.298,0.497,0.353,0.85,0.199,0.356,0.282,0.454,0.336,0.169,19.9,7.6,9.7,90.3,29.8,6.8
Justin Upton,2015,0.251,0.454,0.335,0.789,0.203,0.34,0.246,0.45,0.339,0.203,25.6,11,16.1,90,30.4,10.8
B.J. Upton,2016,0.238,0.402,0.289,0.692,0.16400000000000003,0.297,0.235,0.398,0.299,0.16,28.8,6.9,8.8,87.9,31.7,6.1
Justin Upton,2016,0.246,0.465,0.31,0.775,0.21900000000000003,0.329,0.252,0.484,0.342,0.23,28.6,8,15.6,91.3,33.6,12.5
Justin Upton,2017,0.273,0.54,0.361,0.901,0.267,0.378,0.255,0.508,0.364,0.25,28.3,11.7,15.7,88.7,36,13.2
Justin Upton,2018,0.257,0.463,0.344,0.808,0.20600000000000002,0.348,0.256,0.472,0.358,0.213,28.7,10.4,11.8,90.7,34.7,14
Gio Urshela,2019,0.314,0.534,0.355,0.889,0.22000000000000003,0.369,0.294,0.505,0.353,0.209,18.3,5.3,13.6,90.5,37.6,7
Chase Utley,2016,0.252,0.396,0.319,0.715,0.14400000000000002,0.312,0.256,0.384,0.313,0.127,20.4,7.1,11.7,87.2,35.8,4.3
Danny Valencia,2016,0.287,0.446,0.346,0.792,0.15900000000000003,0.342,0.284,0.47,0.352,0.183,22.2,7.9,9.9,90,35.2,7.8
Christian Vazquez,2019,0.276,0.477,0.319,0.796,0.20099999999999996,0.331,0.254,0.447,0.316,0.191,19.4,6.3,12.9,88.7,38.2,6.2
Jonathan Villar,2016,0.285,0.457,0.367,0.823,0.17200000000000004,0.356,0.262,0.396,0.331,0.132,25.6,11.6,2.9,88,29.5,6.6
Jonathan Villar,2018,0.26,0.384,0.324,0.708,0.124,0.312,0.231,0.358,0.291,0.123,26.8,8,2.7,87.2,27.2,5.1
Jonathan Villar,2019,0.274,0.453,0.338,0.791,0.179,0.335,0.249,0.412,0.313,0.16,24.6,8.5,7,87.7,30.3,6.8
Daniel Vogelbach,2019,0.208,0.439,0.341,0.78,0.231,0.333,0.228,0.445,0.346,0.216,26.7,16.5,17.2,88.9,39.7,10.8
Stephen Vogt,2015,0.261,0.443,0.341,0.783,0.182,0.335,0.252,0.4,0.322,0.148,19,11,16.1,86.9,34.3,5.6
Stephen Vogt,2016,0.251,0.406,0.305,0.711,0.15500000000000003,0.305,0.261,0.414,0.315,0.152,15.6,6.6,19.2,85.8,41,5.1
Luke Voit,2019,0.263,0.464,0.378,0.842,0.201,0.36,0.249,0.494,0.365,0.242,27.8,13.9,12.8,89.7,39.9,13.2
Joey Votto,2015,0.314,0.541,0.459,1,0.22700000000000004,0.427,0.293,0.544,0.421,0.249,19.4,20.6,10.7,89.6,43.4,10.9
Joey Votto,2016,0.326,0.55,0.434,0.985,0.22400000000000003,0.413,0.304,0.536,0.404,0.229,17.7,16,11.6,89.6,41.4,9.7
Joey Votto,2017,0.32,0.578,0.454,1.032,0.25799999999999995,0.428,0.304,0.569,0.427,0.259,11.7,19,14,87.6,40.5,9.1
Joey Votto,2018,0.284,0.419,0.417,0.837,0.135,0.37,0.29,0.481,0.395,0.189,16.2,17.3,13.3,88.1,45.9,6.7
Joey Votto,2019,0.261,0.411,0.357,0.768,0.14999999999999997,0.332,0.256,0.442,0.343,0.184,20.2,12.5,15,88.8,40.7,6.9
Neil Walker,2015,0.269,0.427,0.328,0.756,0.15799999999999997,0.325,0.255,0.418,0.317,0.163,18.2,7.3,13.8,88.7,33.3,4.8
Christian Walker,2019,0.259,0.476,0.348,0.825,0.21699999999999997,0.346,0.263,0.516,0.362,0.25,25.7,11.1,14.8,91.1,34.1,13.1
Joey Wendle,2018,0.3,0.435,0.352,0.788,0.135,0.338,0.263,0.372,0.306,0.107,17.6,6.8,10.3,88.4,31.8,2.7
Jayson Werth,2016,0.244,0.417,0.335,0.752,0.173,0.327,0.252,0.426,0.341,0.171,22.9,11.7,14.9,91.3,32.7,7.7
Kolten Wong,2015,0.262,0.386,0.321,0.707,0.124,0.309,0.27,0.377,0.313,0.105,15.5,5.9,11.3,87.1,33.4,3.2
Kolten Wong,2019,0.285,0.423,0.357,0.78,0.138,0.334,0.259,0.368,0.308,0.106,15.1,8.6,10.6,83.6,29.1,2.5
Christian Yelich,2015,0.3,0.416,0.366,0.782,0.11599999999999999,0.343,0.311,0.441,0.356,0.128,19.2,9,0,91.4,30.7,4.8
Christian Yelich,2016,0.298,0.483,0.376,0.859,0.185,0.367,0.31,0.513,0.391,0.198,20.9,10.9,2.5,92.4,33,9.7
Christian Yelich,2017,0.282,0.439,0.368,0.807,0.15700000000000003,0.348,0.29,0.46,0.364,0.166,19.7,11.5,4.7,90.4,29.9,7
Christian Yelich,2018,0.326,0.598,0.402,1,0.27199999999999996,0.422,0.327,0.572,0.418,0.241,20.7,10.4,4.7,92.3,36.7,12.9
Christian Yelich,2019,0.329,0.671,0.429,1.1,0.342,0.442,0.314,0.623,0.421,0.307,20.3,13.8,11.2,93.1,33.2,15.8
Ryan Zimmerman,2017,0.303,0.573,0.358,0.93,0.26999999999999996,0.388,0.295,0.57,0.388,0.271,21.9,7.6,8.5,91.4,33.3,12.7
Ben Zobrist,2015,0.276,0.45,0.359,0.809,0.174,0.349,0.273,0.397,0.331,0.123,10.5,11.6,8.2,88.5,30.3,3.8
Ben Zobrist,2016,0.272,0.446,0.384,0.829,0.174,0.36,0.281,0.421,0.362,0.137,13,15.2,8.6,88.2,32.7,4.5
Ben Zobrist,2018,0.305,0.44,0.377,0.816,0.135,0.355,0.28,0.396,0.336,0.113,11.5,10.6,8.5,89.4,35,3
